Workbook

Sheet 1. Executive Summary
A1: INDONESIA KNUCKLE BOOM CRANE MARKET — EXECUTIVE SUMMARY (2023–2026 YTD)
B3: KEY METRICS
B4: Metric | C4: 2023 | D4: 2024 | E4: 2025 | F4: 2026 YTD (s/d Aug)
B5: Transactions | C5: =COUNTIF(Data!$D$2:$D$765,2023) -> 267 | D5: =COUNTIF(Data!$D$2:$D$765,2024) -> 191 | E5: =COUNTIF(Data!$D$2:$D$765,2025) -> 227 | F5: =COUNTIF(Data!$D$2:$D$765,2026) -> 79
B6: Import Value (USD) | C6: =SUMIF(Data!$D$2:$D$765,2023,Data!$F$2:$F$765) -> 6401717.4 | D6: =SUMIF(Data!$D$2:$D$765,2024,Data!$F$2:$F$765) -> 6108371.8 | E6: =SUMIF(Data!$D$2:$D$765,2025,Data!$F$2:$F$765) -> 7039257.3 | F6: =SUMIF(Data!$D$2:$D$765,2026,Data!$F$2:$F$765) -> 1524050.4
B7: Avg Price / Unit (USD) | C7: =IFERROR(C6/C5,0) -> 23976.47 | D7: =IFERROR(D6/D5,0) -> 31981.004 | E7: =IFERROR(E6/E5,0) -> 31009.944 | F7: =IFERROR(F6/F5,0) -> 19291.777
B9: 4-YEAR TOTAL | C9: =SUM(C5:F5) -> 764 | D9: =SUM(C6:F6) -> 21073397
B11: KATEGORI MAX LIFTING MOMENT — APA ARTINYA
B12: Kategori | C12: Rentang Max Lifting Moment | D12: Kebutuhan Rear Outrigger | E12: Rentang GVW Truk
B13: Light | C13: ≤ 8 tm | D13: Tidak perlu rear outrigger | E13: 2 – 10 ton
B14: Small | C14: > 8 – 25 tm | D14: Tidak perlu rear outrigger | E14: 10 – 19 ton
B15: Medium | C15: > 25 – 45 tm | D15: Perlu rear outrigger | E15: 19 – 42 ton
B16: Heavy | C16: > 45 tm | D16: Perlu rear outrigger + minimum GVW 42 ton | E16: 42 ton
A17: Batas kategori bersifat kumulatif: nilai tepat di batas atas masuk kategori tersebut (mis. 8 tm = Light, 25 tm = Small, 45 tm = Medium).
B19: TOP INSIGHTS
B20: 1. MARKET LEADERSHIP — SANY PALFINGER memimpin volume dengan 302 transaksi (40% unit share) dari 764 transaksi.
B21: 2. VALUE LEADERSHIP — PALFINGER memegang value share terbesar (USD 6.3 juta, 30%).
B22: 3. KATEGORI DOMINAN — Light 248 txn (32%), Small 223 txn (29%), Medium 218 txn (29%), Heavy 75 txn (10%). Terbesar: Light.
B23: 4. PAIRING TRUK — Kebutuhan truk paling banyak di kelas GVW 10 ton (233 unit crane, 30%), berdasarkan kurva rekomendasi Ferrari.
B24: 5. MODEL TERLARIS — SANY PALFINGER SPK8500 (48 txn).
B25: 6. POSISI TSP — Hyva, Amco Veba, dan Ferrari: 171 txn (22% unit), USD 4.6 juta (22% value).
B26: 7. KUALITAS DATA — 764 dari 764 baris (100%) punya angka Max Lifting Moment terverifikasi; seluruh baris GENERIC (tanpa kode model) telah dihapus.
B28: Kategori: Light 1–6 tm, Small 7–15 tm, Medium 16–45 tm, Heavy >45 tm — dari Max Lifting Moment dibulatkan. GVW truk mengikuti kurva rekomendasi F.lli Ferrari (sheet 10).

Sheet 2. Market Structure
A1: MARKET STRUCTURE — BRAND SHARE BY UNITS & VALUE
A3: Brand | B3: 2023 | C3: 2024 | D3: 2025 | E3: 2026 | F3: Total Txn | G3: Share (Units) | H3: Value (USD) | I3: Share (Value)
A4: SANY PALFINGER | B4: =COUNTIFS(Data!$A$2:$A$765,$A4,Data!$D$2:$D$765,2023) -> 81 | C4: =COUNTIFS(Data!$A$2:$A$765,$A4,Data!$D$2:$D$765,2024) -> 74 | D4: =COUNTIFS(Data!$A$2:$A$765,$A4,Data!$D$2:$D$765,2025) -> 92 | E4: =COUNTIFS(Data!$A$2:$A$765,$A4,Data!$D$2:$D$765,2026) -> 55 | F4: =SUM(B4:E4) -> 302 | G4: =F4/$F$16 -> 0.39528796 | H4: =SUMIF(Data!$A$2:$A$765,$A4,Data!$F$2:$F$765) -> 5341594.6 | I4: =H4/$H$16 -> 0.25347573
A5: PALFINGER | B5: =COUNTIFS(Data!$A$2:$A$765,$A5,Data!$D$2:$D$765,2023) -> 35 | C5: =COUNTIFS(Data!$A$2:$A$765,$A5,Data!$D$2:$D$765,2024) -> 59 | D5: =COUNTIFS(Data!$A$2:$A$765,$A5,Data!$D$2:$D$765,2025) -> 30 | E5: =COUNTIFS(Data!$A$2:$A$765,$A5,Data!$D$2:$D$765,2026) -> 0 | F5: =SUM(B5:E5) -> 124 | G5: =F5/$F$16 -> 0.16230366 | H5: =SUMIF(Data!$A$2:$A$765,$A5,Data!$F$2:$F$765) -> 6256803.7 | I5: =H5/$H$16 -> 0.29690532
A6: HYVA | B6: =COUNTIFS(Data!$A$2:$A$765,$A6,Data!$D$2:$D$765,2023) -> 68 | C6: =COUNTIFS(Data!$A$2:$A$765,$A6,Data!$D$2:$D$765,2024) -> 5 | D6: =COUNTIFS(Data!$A$2:$A$765,$A6,Data!$D$2:$D$765,2025) -> 26 | E6: =COUNTIFS(Data!$A$2:$A$765,$A6,Data!$D$2:$D$765,2026) -> 3 | F6: =SUM(B6:E6) -> 102 | G6: =F6/$F$16 -> 0.13350785 | H6: =SUMIF(Data!$A$2:$A$765,$A6,Data!$F$2:$F$765) -> 2030520.4 | I6: =H6/$H$16 -> 0.096354678
A7: XCMG | B7: =COUNTIFS(Data!$A$2:$A$765,$A7,Data!$D$2:$D$765,2023) -> 26 | C7: =COUNTIFS(Data!$A$2:$A$765,$A7,Data!$D$2:$D$765,2024) -> 15 | D7: =COUNTIFS(Data!$A$2:$A$765,$A7,Data!$D$2:$D$765,2025) -> 34 | E7: =COUNTIFS(Data!$A$2:$A$765,$A7,Data!$D$2:$D$765,2026) -> 13 | F7: =SUM(B7:E7) -> 88 | G7: =F7/$F$16 -> 0.11518325 | H7: =SUMIF(Data!$A$2:$A$765,$A7,Data!$F$2:$F$765) -> 2020190.6 | I7: =H7/$H$16 -> 0.095864496
A8: AMCO VEBA | B8: =COUNTIFS(Data!$A$2:$A$765,$A8,Data!$D$2:$D$765,2023) -> 29 | C8: =COUNTIFS(Data!$A$2:$A$765,$A8,Data!$D$2:$D$765,2024) -> 23 | D8: =COUNTIFS(Data!$A$2:$A$765,$A8,Data!$D$2:$D$765,2025) -> 15 | E8: =COUNTIFS(Data!$A$2:$A$765,$A8,Data!$D$2:$D$765,2026) -> 1 | F8: =SUM(B8:E8) -> 68 | G8: =F8/$F$16 -> 0.089005236 | H8: =SUMIF(Data!$A$2:$A$765,$A8,Data!$F$2:$F$765) -> 2508298.6 | I8: =H8/$H$16 -> 0.11902678
A9: HIAB | B9: =COUNTIFS(Data!$A$2:$A$765,$A9,Data!$D$2:$D$765,2023) -> 17 | C9: =COUNTIFS(Data!$A$2:$A$765,$A9,Data!$D$2:$D$765,2024) -> 15 | D9: =COUNTIFS(Data!$A$2:$A$765,$A9,Data!$D$2:$D$765,2025) -> 10 | E9: =COUNTIFS(Data!$A$2:$A$765,$A9,Data!$D$2:$D$765,2026) -> 3 | F9: =SUM(B9:E9) -> 45 | G9: =F9/$F$16 -> 0.058900524 | H9: =SUMIF(Data!$A$2:$A$765,$A9,Data!$F$2:$F$765) -> 1990548.2 | I9: =H9/$H$16 -> 0.094457872
A10: TADANO | B10: =COUNTIFS(Data!$A$2:$A$765,$A10,Data!$D$2:$D$765,2023) -> 0 | C10: =COUNTIFS(Data!$A$2:$A$765,$A10,Data!$D$2:$D$765,2024) -> 0 | D10: =COUNTIFS(Data!$A$2:$A$765,$A10,Data!$D$2:$D$765,2025) -> 13 | E10: =COUNTIFS(Data!$A$2:$A$765,$A10,Data!$D$2:$D$765,2026) -> 0 | F10: =SUM(B10:E10) -> 13 | G10: =F10/$F$16 -> 0.017015707 | H10: =SUMIF(Data!$A$2:$A$765,$A10,Data!$F$2:$F$765) -> 415385.61 | I10: =H10/$H$16 -> 0.019711374
A11: FASSI | B11: =COUNTIFS(Data!$A$2:$A$765,$A11,Data!$D$2:$D$765,2023) -> 8 | C11: =COUNTIFS(Data!$A$2:$A$765,$A11,Data!$D$2:$D$765,2024) -> 0 | D11: =COUNTIFS(Data!$A$2:$A$765,$A11,Data!$D$2:$D$765,2025) -> 3 | E11: =COUNTIFS(Data!$A$2:$A$765,$A11,Data!$D$2:$D$765,2026) -> 0 | F11: =SUM(B11:E11) -> 11 | G11: =F11/$F$16 -> 0.014397906 | H11: =SUMIF(Data!$A$2:$A$765,$A11,Data!$F$2:$F$765) -> 300109.21 | I11: =H11/$H$16 -> 0.014241141
A12: BOB-LIFT | B12: =COUNTIFS(Data!$A$2:$A$765,$A12,Data!$D$2:$D$765,2023) -> 2 | C12: =COUNTIFS(Data!$A$2:$A$765,$A12,Data!$D$2:$D$765,2024) -> 0 | D12: =COUNTIFS(Data!$A$2:$A$765,$A12,Data!$D$2:$D$765,2025) -> 3 | E12: =COUNTIFS(Data!$A$2:$A$765,$A12,Data!$D$2:$D$765,2026) -> 0 | F12: =SUM(B12:E12) -> 5 | G12: =F12/$F$16 -> 0.0065445026 | H12: =SUMIF(Data!$A$2:$A$765,$A12,Data!$F$2:$F$765) -> 45863.88 | I12: =H12/$H$16 -> 0.0021763876
A13: PM CRANES | B13: =COUNTIFS(Data!$A$2:$A$765,$A13,Data!$D$2:$D$765,2023) -> 0 | C13: =COUNTIFS(Data!$A$2:$A$765,$A13,Data!$D$2:$D$765,2024) -> 0 | D13: =COUNTIFS(Data!$A$2:$A$765,$A13,Data!$D$2:$D$765,2025) -> 0 | E13: =COUNTIFS(Data!$A$2:$A$765,$A13,Data!$D$2:$D$765,2026) -> 3 | F13: =SUM(B13:E13) -> 3 | G13: =F13/$F$16 -> 0.0039267016 | H13: =SUMIF(Data!$A$2:$A$765,$A13,Data!$F$2:$F$765) -> 56512.89 | I13: =H13/$H$16 -> 0.0026817172
A14: ZOOMLION | B14: =COUNTIFS(Data!$A$2:$A$765,$A14,Data!$D$2:$D$765,2023) -> 0 | C14: =COUNTIFS(Data!$A$2:$A$765,$A14,Data!$D$2:$D$765,2024) -> 0 | D14: =COUNTIFS(Data!$A$2:$A$765,$A14,Data!$D$2:$D$765,2025) -> 1 | E14: =COUNTIFS(Data!$A$2:$A$765,$A14,Data!$D$2:$D$765,2026) -> 1 | F14: =SUM(B14:E14) -> 2 | G14: =F14/$F$16 -> 0.002617801 | H14: =SUMIF(Data!$A$2:$A$765,$A14,Data!$F$2:$F$765) -> 93321.58 | I14: =H14/$H$16 -> 0.0044284071
A15: FERRARI | B15: =COUNTIFS(Data!$A$2:$A$765,$A15,Data!$D$2:$D$765,2023) -> 1 | C15: =COUNTIFS(Data!$A$2:$A$765,$A15,Data!$D$2:$D$765,2024) -> 0 | D15: =COUNTIFS(Data!$A$2:$A$765,$A15,Data!$D$2:$D$765,2025) -> 0 | E15: =COUNTIFS(Data!$A$2:$A$765,$A15,Data!$D$2:$D$765,2026) -> 0 | F15: =SUM(B15:E15) -> 1 | G15: =F15/$F$16 -> 0.0013089005 | H15: =SUMIF(Data!$A$2:$A$765,$A15,Data!$F$2:$F$765) -> 14247.7 | I15: =H15/$H$16 -> 0.00067609888
A16: TOTAL | F16: =SUM(F4:F15) -> 764 | H16: =SUM(H4:H15) -> 21073397
A18: Baris disorot = brand TSP & sister-brand (Hyva, Amco Veba, Ferrari).

Sheet 3. Kategori MLM per Tahun
A1: KATEGORI MAX LIFTING MOMENT — PER TAHUN
A3: Kategori Max Lifting Moment | B3: 2023 Txn | C3: 2024 Txn | D3: 2025 Txn | E3: 2026 Txn | F3: TOTAL Txn | G3: 2023 Value | H3: 2024 Value | I3: 2025 Value | J3: 2026 Value | K3: TOTAL Value
A4: Light | B4: =COUNTIFS(Data!$C$2:$C$765,"="&$A4,Data!$D$2:$D$765,2023) -> 109 | C4: =COUNTIFS(Data!$C$2:$C$765,"="&$A4,Data!$D$2:$D$765,2024) -> 52 | D4: =COUNTIFS(Data!$C$2:$C$765,"="&$A4,Data!$D$2:$D$765,2025) -> 53 | E4: =COUNTIFS(Data!$C$2:$C$765,"="&$A4,Data!$D$2:$D$765,2026) -> 34 | F4: =SUM(B4:E4) -> 248 | G4: =SUMIFS(Data!$F$2:$F$765,Data!$C$2:$C$765,"="&$A4,Data!$D$2:$D$765,2023) -> 1318388.9 | H4: =SUMIFS(Data!$F$2:$F$765,Data!$C$2:$C$765,"="&$A4,Data!$D$2:$D$765,2024) -> 839028.5 | I4: =SUMIFS(Data!$F$2:$F$765,Data!$C$2:$C$765,"="&$A4,Data!$D$2:$D$765,2025) -> 551005.17 | J4: =SUMIFS(Data!$F$2:$F$765,Data!$C$2:$C$765,"="&$A4,Data!$D$2:$D$765,2026) -> 310664.67 | K4: =SUM(G4:J4) -> 3019087.2
A5: Small | B5: =COUNTIFS(Data!$C$2:$C$765,"="&$A5,Data!$D$2:$D$765,2023) -> 68 | C5: =COUNTIFS(Data!$C$2:$C$765,"="&$A5,Data!$D$2:$D$765,2024) -> 52 | D5: =COUNTIFS(Data!$C$2:$C$765,"="&$A5,Data!$D$2:$D$765,2025) -> 75 | E5: =COUNTIFS(Data!$C$2:$C$765,"="&$A5,Data!$D$2:$D$765,2026) -> 28 | F5: =SUM(B5:E5) -> 223 | G5: =SUMIFS(Data!$F$2:$F$765,Data!$C$2:$C$765,"="&$A5,Data!$D$2:$D$765,2023) -> 1535331.2 | H5: =SUMIFS(Data!$F$2:$F$765,Data!$C$2:$C$765,"="&$A5,Data!$D$2:$D$765,2024) -> 1127848.2 | I5: =SUMIFS(Data!$F$2:$F$765,Data!$C$2:$C$765,"="&$A5,Data!$D$2:$D$765,2025) -> 1777124 | J5: =SUMIFS(Data!$F$2:$F$765,Data!$C$2:$C$765,"="&$A5,Data!$D$2:$D$765,2026) -> 596993.67 | K5: =SUM(G5:J5) -> 5037297
A6: Medium | B6: =COUNTIFS(Data!$C$2:$C$765,"="&$A6,Data!$D$2:$D$765,2023) -> 74 | C6: =COUNTIFS(Data!$C$2:$C$765,"="&$A6,Data!$D$2:$D$765,2024) -> 70 | D6: =COUNTIFS(Data!$C$2:$C$765,"="&$A6,Data!$D$2:$D$765,2025) -> 60 | E6: =COUNTIFS(Data!$C$2:$C$765,"="&$A6,Data!$D$2:$D$765,2026) -> 14 | F6: =SUM(B6:E6) -> 218 | G6: =SUMIFS(Data!$F$2:$F$765,Data!$C$2:$C$765,"="&$A6,Data!$D$2:$D$765,2023) -> 2452614.3 | H6: =SUMIFS(Data!$F$2:$F$765,Data!$C$2:$C$765,"="&$A6,Data!$D$2:$D$765,2024) -> 2703601 | I6: =SUMIFS(Data!$F$2:$F$765,Data!$C$2:$C$765,"="&$A6,Data!$D$2:$D$765,2025) -> 1759386.5 | J6: =SUMIFS(Data!$F$2:$F$765,Data!$C$2:$C$765,"="&$A6,Data!$D$2:$D$765,2026) -> 388829.32 | K6: =SUM(G6:J6) -> 7304431.1
A7: Heavy | B7: =COUNTIFS(Data!$C$2:$C$765,"="&$A7,Data!$D$2:$D$765,2023) -> 16 | C7: =COUNTIFS(Data!$C$2:$C$765,"="&$A7,Data!$D$2:$D$765,2024) -> 17 | D7: =COUNTIFS(Data!$C$2:$C$765,"="&$A7,Data!$D$2:$D$765,2025) -> 39 | E7: =COUNTIFS(Data!$C$2:$C$765,"="&$A7,Data!$D$2:$D$765,2026) -> 3 | F7: =SUM(B7:E7) -> 75 | G7: =SUMIFS(Data!$F$2:$F$765,Data!$C$2:$C$765,"="&$A7,Data!$D$2:$D$765,2023) -> 1095383 | H7: =SUMIFS(Data!$F$2:$F$765,Data!$C$2:$C$765,"="&$A7,Data!$D$2:$D$765,2024) -> 1437894.1 | I7: =SUMIFS(Data!$F$2:$F$765,Data!$C$2:$C$765,"="&$A7,Data!$D$2:$D$765,2025) -> 2951741.7 | J7: =SUMIFS(Data!$F$2:$F$765,Data!$C$2:$C$765,"="&$A7,Data!$D$2:$D$765,2026) -> 227562.74 | K7: =SUM(G7:J7) -> 5712581.6
A8: TOTAL | B8: =SUM(B4:B7) -> 267 | C8: =SUM(C4:C7) -> 191 | D8: =SUM(D4:D7) -> 227 | E8: =SUM(E4:E7) -> 79 | F8: =SUM(F4:F7) -> 764 | G8: =SUM(G4:G7) -> 6401717.4 | H8: =SUM(H4:H7) -> 6108371.8 | I8: =SUM(I4:I7) -> 7039257.3 | ... K8: =SUM(K4:K7) -> 21073397
A11: DETAIL: BRAND × TAHUN PER KATEGORI MAX LIFTING MOMENT
A13: Light | B13: 2023 | C13: 2024 | D13: 2025 | E13: 2026 | F13: Total
A14: SANY PALFINGER | B14: =COUNTIFS(Data!$A$2:$A$765,$A14,Data!$C$2:$C$765,"=Light",Data!$D$2:$D$765,2023) -> 30 | C14: =COUNTIFS(Data!$A$2:$A$765,$A14,Data!$C$2:$C$765,"=Light",Data!$D$2:$D$765,2024) -> 19 | D14: =COUNTIFS(Data!$A$2:$A$765,$A14,Data!$C$2:$C$765,"=Light",Data!$D$2:$D$765,2025) -> 30 | E14: =COUNTIFS(Data!$A$2:$A$765,$A14,Data!$C$2:$C$765,"=Light",Data!$D$2:$D$765,2026) -> 31 | F14: =SUM(B14:E14) -> 110
A15: PALFINGER | B15: =COUNTIFS(Data!$A$2:$A$765,$A15,Data!$C$2:$C$765,"=Light",Data!$D$2:$D$765,2023) -> 14 | C15: =COUNTIFS(Data!$A$2:$A$765,$A15,Data!$C$2:$C$765,"=Light",Data!$D$2:$D$765,2024) -> 24 | D15: =COUNTIFS(Data!$A$2:$A$765,$A15,Data!$C$2:$C$765,"=Light",Data!$D$2:$D$765,2025) -> 0 | E15: =COUNTIFS(Data!$A$2:$A$765,$A15,Data!$C$2:$C$765,"=Light",Data!$D$2:$D$765,2026) -> 0 | F15: =SUM(B15:E15) -> 38
A16: HYVA | B16: =COUNTIFS(Data!$A$2:$A$765,$A16,Data!$C$2:$C$765,"=Light",Data!$D$2:$D$765,2023) -> 55 | C16: =COUNTIFS(Data!$A$2:$A$765,$A16,Data!$C$2:$C$765,"=Light",Data!$D$2:$D$765,2024) -> 3 | D16: =COUNTIFS(Data!$A$2:$A$765,$A16,Data!$C$2:$C$765,"=Light",Data!$D$2:$D$765,2025) -> 13 | E16: =COUNTIFS(Data!$A$2:$A$765,$A16,Data!$C$2:$C$765,"=Light",Data!$D$2:$D$765,2026) -> 0 | F16: =SUM(B16:E16) -> 71
A17: XCMG | B17: =COUNTIFS(Data!$A$2:$A$765,$A17,Data!$C$2:$C$765,"=Light",Data!$D$2:$D$765,2023) -> 2 | C17: =COUNTIFS(Data!$A$2:$A$765,$A17,Data!$C$2:$C$765,"=Light",Data!$D$2:$D$765,2024) -> 1 | D17: =COUNTIFS(Data!$A$2:$A$765,$A17,Data!$C$2:$C$765,"=Light",Data!$D$2:$D$765,2025) -> 5 | E17: =COUNTIFS(Data!$A$2:$A$765,$A17,Data!$C$2:$C$765,"=Light",Data!$D$2:$D$765,2026) -> 3 | F17: =SUM(B17:E17) -> 11
A18: AMCO VEBA | B18: =COUNTIFS(Data!$A$2:$A$765,$A18,Data!$C$2:$C$765,"=Light",Data!$D$2:$D$765,2023) -> 4 | C18: =COUNTIFS(Data!$A$2:$A$765,$A18,Data!$C$2:$C$765,"=Light",Data!$D$2:$D$765,2024) -> 5 | D18: =COUNTIFS(Data!$A$2:$A$765,$A18,Data!$C$2:$C$765,"=Light",Data!$D$2:$D$765,2025) -> 0 | E18: =COUNTIFS(Data!$A$2:$A$765,$A18,Data!$C$2:$C$765,"=Light",Data!$D$2:$D$765,2026) -> 0 | F18: =SUM(B18:E18) -> 9
A19: HIAB | B19: =COUNTIFS(Data!$A$2:$A$765,$A19,Data!$C$2:$C$765,"=Light",Data!$D$2:$D$765,2023) -> 0 | C19: =COUNTIFS(Data!$A$2:$A$765,$A19,Data!$C$2:$C$765,"=Light",Data!$D$2:$D$765,2024) -> 0 | D19: =COUNTIFS(Data!$A$2:$A$765,$A19,Data!$C$2:$C$765,"=Light",Data!$D$2:$D$765,2025) -> 1 | E19: =COUNTIFS(Data!$A$2:$A$765,$A19,Data!$C$2:$C$765,"=Light",Data!$D$2:$D$765,2026) -> 0 | F19: =SUM(B19:E19) -> 1
A20: TADANO | B20: =COUNTIFS(Data!$A$2:$A$765,$A20,Data!$C$2:$C$765,"=Light",Data!$D$2:$D$765,2023) -> 0 | C20: =COUNTIFS(Data!$A$2:$A$765,$A20,Data!$C$2:$C$765,"=Light",Data!$D$2:$D$765,2024) -> 0 | D20: =COUNTIFS(Data!$A$2:$A$765,$A20,Data!$C$2:$C$765,"=Light",Data!$D$2:$D$765,2025) -> 2 | E20: =COUNTIFS(Data!$A$2:$A$765,$A20,Data!$C$2:$C$765,"=Light",Data!$D$2:$D$765,2026) -> 0 | F20: =SUM(B20:E20) -> 2
A21: FASSI | B21: =COUNTIFS(Data!$A$2:$A$765,$A21,Data!$C$2:$C$765,"=Light",Data!$D$2:$D$765,2023) -> 3 | C21: =COUNTIFS(Data!$A$2:$A$765,$A21,Data!$C$2:$C$765,"=Light",Data!$D$2:$D$765,2024) -> 0 | D21: =COUNTIFS(Data!$A$2:$A$765,$A21,Data!$C$2:$C$765,"=Light",Data!$D$2:$D$765,2025) -> 0 | E21: =COUNTIFS(Data!$A$2:$A$765,$A21,Data!$C$2:$C$765,"=Light",Data!$D$2:$D$765,2026) -> 0 | F21: =SUM(B21:E21) -> 3
A22: BOB-LIFT | B22: =COUNTIFS(Data!$A$2:$A$765,$A22,Data!$C$2:$C$765,"=Light",Data!$D$2:$D$765,2023) -> 0 | C22: =COUNTIFS(Data!$A$2:$A$765,$A22,Data!$C$2:$C$765,"=Light",Data!$D$2:$D$765,2024) -> 0 | D22: =COUNTIFS(Data!$A$2:$A$765,$A22,Data!$C$2:$C$765,"=Light",Data!$D$2:$D$765,2025) -> 2 | E22: =COUNTIFS(Data!$A$2:$A$765,$A22,Data!$C$2:$C$765,"=Light",Data!$D$2:$D$765,2026) -> 0 | F22: =SUM(B22:E22) -> 2
A23: PM CRANES | B23: =COUNTIFS(Data!$A$2:$A$765,$A23,Data!$C$2:$C$765,"=Light",Data!$D$2:$D$765,2023) -> 0 | C23: =COUNTIFS(Data!$A$2:$A$765,$A23,Data!$C$2:$C$765,"=Light",Data!$D$2:$D$765,2024) -> 0 | D23: =COUNTIFS(Data!$A$2:$A$765,$A23,Data!$C$2:$C$765,"=Light",Data!$D$2:$D$765,2025) -> 0 | E23: =COUNTIFS(Data!$A$2:$A$765,$A23,Data!$C$2:$C$765,"=Light",Data!$D$2:$D$765,2026) -> 0 | F23: =SUM(B23:E23) -> 0
A24: ZOOMLION | B24: =COUNTIFS(Data!$A$2:$A$765,$A24,Data!$C$2:$C$765,"=Light",Data!$D$2:$D$765,2023) -> 0 | C24: =COUNTIFS(Data!$A$2:$A$765,$A24,Data!$C$2:$C$765,"=Light",Data!$D$2:$D$765,2024) -> 0 | D24: =COUNTIFS(Data!$A$2:$A$765,$A24,Data!$C$2:$C$765,"=Light",Data!$D$2:$D$765,2025) -> 0 | E24: =COUNTIFS(Data!$A$2:$A$765,$A24,Data!$C$2:$C$765,"=Light",Data!$D$2:$D$765,2026) -> 0 | F24: =SUM(B24:E24) -> 0
A25: FERRARI | B25: =COUNTIFS(Data!$A$2:$A$765,$A25,Data!$C$2:$C$765,"=Light",Data!$D$2:$D$765,2023) -> 1 | C25: =COUNTIFS(Data!$A$2:$A$765,$A25,Data!$C$2:$C$765,"=Light",Data!$D$2:$D$765,2024) -> 0 | D25: =COUNTIFS(Data!$A$2:$A$765,$A25,Data!$C$2:$C$765,"=Light",Data!$D$2:$D$765,2025) -> 0 | E25: =COUNTIFS(Data!$A$2:$A$765,$A25,Data!$C$2:$C$765,"=Light",Data!$D$2:$D$765,2026) -> 0 | F25: =SUM(B25:E25) -> 1
A26: TOTAL | B26: =SUM(B14:B25) -> 109 | C26: =SUM(C14:C25) -> 52 | D26: =SUM(D14:D25) -> 53 | E26: =SUM(E14:E25) -> 34 | F26: =SUM(F14:F25) -> 248
A28: Small | B28: 2023 | C28: 2024 | D28: 2025 | E28: 2026 | F28: Total
A29: SANY PALFINGER | B29: =COUNTIFS(Data!$A$2:$A$765,$A29,Data!$C$2:$C$765,"=Small",Data!$D$2:$D$765,2023) -> 25 | C29: =COUNTIFS(Data!$A$2:$A$765,$A29,Data!$C$2:$C$765,"=Small",Data!$D$2:$D$765,2024) -> 32 | D29: =COUNTIFS(Data!$A$2:$A$765,$A29,Data!$C$2:$C$765,"=Small",Data!$D$2:$D$765,2025) -> 31 | E29: =COUNTIFS(Data!$A$2:$A$765,$A29,Data!$C$2:$C$765,"=Small",Data!$D$2:$D$765,2026) -> 15 | F29: =SUM(B29:E29) -> 103
A30: PALFINGER | B30: =COUNTIFS(Data!$A$2:$A$765,$A30,Data!$C$2:$C$765,"=Small",Data!$D$2:$D$765,2023) -> 5 | C30: =COUNTIFS(Data!$A$2:$A$765,$A30,Data!$C$2:$C$765,"=Small",Data!$D$2:$D$765,2024) -> 4 | D30: =COUNTIFS(Data!$A$2:$A$765,$A30,Data!$C$2:$C$765,"=Small",Data!$D$2:$D$765,2025) -> 3 | E30: =COUNTIFS(Data!$A$2:$A$765,$A30,Data!$C$2:$C$765,"=Small",Data!$D$2:$D$765,2026) -> 0 | F30: =SUM(B30:E30) -> 12
A31: HYVA | B31: =COUNTIFS(Data!$A$2:$A$765,$A31,Data!$C$2:$C$765,"=Small",Data!$D$2:$D$765,2023) -> 9 | C31: =COUNTIFS(Data!$A$2:$A$765,$A31,Data!$C$2:$C$765,"=Small",Data!$D$2:$D$765,2024) -> 1 | D31: =COUNTIFS(Data!$A$2:$A$765,$A31,Data!$C$2:$C$765,"=Small",Data!$D$2:$D$765,2025) -> 9 | E31: =COUNTIFS(Data!$A$2:$A$765,$A31,Data!$C$2:$C$765,"=Small",Data!$D$2:$D$765,2026) -> 1 | F31: =SUM(B31:E31) -> 20
A32: XCMG | B32: =COUNTIFS(Data!$A$2:$A$765,$A32,Data!$C$2:$C$765,"=Small",Data!$D$2:$D$765,2023) -> 11 | C32: =COUNTIFS(Data!$A$2:$A$765,$A32,Data!$C$2:$C$765,"=Small",Data!$D$2:$D$765,2024) -> 8 | D32: =COUNTIFS(Data!$A$2:$A$765,$A32,Data!$C$2:$C$765,"=Small",Data!$D$2:$D$765,2025) -> 11 | E32: =COUNTIFS(Data!$A$2:$A$765,$A32,Data!$C$2:$C$765,"=Small",Data!$D$2:$D$765,2026) -> 7 | F32: =SUM(B32:E32) -> 37
A33: AMCO VEBA | B33: =COUNTIFS(Data!$A$2:$A$765,$A33,Data!$C$2:$C$765,"=Small",Data!$D$2:$D$765,2023) -> 3 | C33: =COUNTIFS(Data!$A$2:$A$765,$A33,Data!$C$2:$C$765,"=Small",Data!$D$2:$D$765,2024) -> 5 | D33: =COUNTIFS(Data!$A$2:$A$765,$A33,Data!$C$2:$C$765,"=Small",Data!$D$2:$D$765,2025) -> 3 | E33: =COUNTIFS(Data!$A$2:$A$765,$A33,Data!$C$2:$C$765,"=Small",Data!$D$2:$D$765,2026) -> 0 | F33: =SUM(B33:E33) -> 11
A34: HIAB | B34: =COUNTIFS(Data!$A$2:$A$765,$A34,Data!$C$2:$C$765,"=Small",Data!$D$2:$D$765,2023) -> 8 | C34: =COUNTIFS(Data!$A$2:$A$765,$A34,Data!$C$2:$C$765,"=Small",Data!$D$2:$D$765,2024) -> 2 | D34: =COUNTIFS(Data!$A$2:$A$765,$A34,Data!$C$2:$C$765,"=Small",Data!$D$2:$D$765,2025) -> 4 | E34: =COUNTIFS(Data!$A$2:$A$765,$A34,Data!$C$2:$C$765,"=Small",Data!$D$2:$D$765,2026) -> 2 | F34: =SUM(B34:E34) -> 16
A35: TADANO | B35: =COUNTIFS(Data!$A$2:$A$765,$A35,Data!$C$2:$C$765,"=Small",Data!$D$2:$D$765,2023) -> 0 | C35: =COUNTIFS(Data!$A$2:$A$765,$A35,Data!$C$2:$C$765,"=Small",Data!$D$2:$D$765,2024) -> 0 | D35: =COUNTIFS(Data!$A$2:$A$765,$A35,Data!$C$2:$C$765,"=Small",Data!$D$2:$D$765,2025) -> 11 | E35: =COUNTIFS(Data!$A$2:$A$765,$A35,Data!$C$2:$C$765,"=Small",Data!$D$2:$D$765,2026) -> 0 | F35: =SUM(B35:E35) -> 11
A36: FASSI | B36: =COUNTIFS(Data!$A$2:$A$765,$A36,Data!$C$2:$C$765,"=Small",Data!$D$2:$D$765,2023) -> 5 | C36: =COUNTIFS(Data!$A$2:$A$765,$A36,Data!$C$2:$C$765,"=Small",Data!$D$2:$D$765,2024) -> 0 | D36: =COUNTIFS(Data!$A$2:$A$765,$A36,Data!$C$2:$C$765,"=Small",Data!$D$2:$D$765,2025) -> 2 | E36: =COUNTIFS(Data!$A$2:$A$765,$A36,Data!$C$2:$C$765,"=Small",Data!$D$2:$D$765,2026) -> 0 | F36: =SUM(B36:E36) -> 7
A37: BOB-LIFT | B37: =COUNTIFS(Data!$A$2:$A$765,$A37,Data!$C$2:$C$765,"=Small",Data!$D$2:$D$765,2023) -> 2 | C37: =COUNTIFS(Data!$A$2:$A$765,$A37,Data!$C$2:$C$765,"=Small",Data!$D$2:$D$765,2024) -> 0 | D37: =COUNTIFS(Data!$A$2:$A$765,$A37,Data!$C$2:$C$765,"=Small",Data!$D$2:$D$765,2025) -> 1 | E37: =COUNTIFS(Data!$A$2:$A$765,$A37,Data!$C$2:$C$765,"=Small",Data!$D$2:$D$765,2026) -> 0 | F37: =SUM(B37:E37) -> 3
A38: PM CRANES | B38: =COUNTIFS(Data!$A$2:$A$765,$A38,Data!$C$2:$C$765,"=Small",Data!$D$2:$D$765,2023) -> 0 | C38: =COUNTIFS(Data!$A$2:$A$765,$A38,Data!$C$2:$C$765,"=Small",Data!$D$2:$D$765,2024) -> 0 | D38: =COUNTIFS(Data!$A$2:$A$765,$A38,Data!$C$2:$C$765,"=Small",Data!$D$2:$D$765,2025) -> 0 | E38: =COUNTIFS(Data!$A$2:$A$765,$A38,Data!$C$2:$C$765,"=Small",Data!$D$2:$D$765,2026) -> 3 | F38: =SUM(B38:E38) -> 3
A39: ZOOMLION | B39: =COUNTIFS(Data!$A$2:$A$765,$A39,Data!$C$2:$C$765,"=Small",Data!$D$2:$D$765,2023) -> 0 | C39: =COUNTIFS(Data!$A$2:$A$765,$A39,Data!$C$2:$C$765,"=Small",Data!$D$2:$D$765,2024) -> 0 | D39: =COUNTIFS(Data!$A$2:$A$765,$A39,Data!$C$2:$C$765,"=Small",Data!$D$2:$D$765,2025) -> 0 | E39: =COUNTIFS(Data!$A$2:$A$765,$A39,Data!$C$2:$C$765,"=Small",Data!$D$2:$D$765,2026) -> 0 | F39: =SUM(B39:E39) -> 0
A40: FERRARI | B40: =COUNTIFS(Data!$A$2:$A$765,$A40,Data!$C$2:$C$765,"=Small",Data!$D$2:$D$765,2023) -> 0 | C40: =COUNTIFS(Data!$A$2:$A$765,$A40,Data!$C$2:$C$765,"=Small",Data!$D$2:$D$765,2024) -> 0 | D40: =COUNTIFS(Data!$A$2:$A$765,$A40,Data!$C$2:$C$765,"=Small",Data!$D$2:$D$765,2025) -> 0 | E40: =COUNTIFS(Data!$A$2:$A$765,$A40,Data!$C$2:$C$765,"=Small",Data!$D$2:$D$765,2026) -> 0 | F40: =SUM(B40:E40) -> 0
A41: TOTAL | B41: =SUM(B29:B40) -> 68 | C41: =SUM(C29:C40) -> 52 | D41: =SUM(D29:D40) -> 75 | E41: =SUM(E29:E40) -> 28 | F41: =SUM(F29:F40) -> 223
A43: Medium | B43: 2023 | C43: 2024 | D43: 2025 | E43: 2026 | F43: Total
A44: SANY PALFINGER | B44: =COUNTIFS(Data!$A$2:$A$765,$A44,Data!$C$2:$C$765,"=Medium",Data!$D$2:$D$765,2023) -> 26 | C44: =COUNTIFS(Data!$A$2:$A$765,$A44,Data!$C$2:$C$765,"=Medium",Data!$D$2:$D$765,2024) -> 23 | D44: =COUNTIFS(Data!$A$2:$A$765,$A44,Data!$C$2:$C$765,"=Medium",Data!$D$2:$D$765,2025) -> 30 | E44: =COUNTIFS(Data!$A$2:$A$765,$A44,Data!$C$2:$C$765,"=Medium",Data!$D$2:$D$765,2026) -> 9 | F44: =SUM(B44:E44) -> 88
A45: PALFINGER | B45: =COUNTIFS(Data!$A$2:$A$765,$A45,Data!$C$2:$C$765,"=Medium",Data!$D$2:$D$765,2023) -> 9 | C45: =COUNTIFS(Data!$A$2:$A$765,$A45,Data!$C$2:$C$765,"=Medium",Data!$D$2:$D$765,2024) -> 17 | D45: =COUNTIFS(Data!$A$2:$A$765,$A45,Data!$C$2:$C$765,"=Medium",Data!$D$2:$D$765,2025) -> 5 | E45: =COUNTIFS(Data!$A$2:$A$765,$A45,Data!$C$2:$C$765,"=Medium",Data!$D$2:$D$765,2026) -> 0 | F45: =SUM(B45:E45) -> 31
A46: HYVA | B46: =COUNTIFS(Data!$A$2:$A$765,$A46,Data!$C$2:$C$765,"=Medium",Data!$D$2:$D$765,2023) -> 1 | C46: =COUNTIFS(Data!$A$2:$A$765,$A46,Data!$C$2:$C$765,"=Medium",Data!$D$2:$D$765,2024) -> 1 | D46: =COUNTIFS(Data!$A$2:$A$765,$A46,Data!$C$2:$C$765,"=Medium",Data!$D$2:$D$765,2025) -> 1 | E46: =COUNTIFS(Data!$A$2:$A$765,$A46,Data!$C$2:$C$765,"=Medium",Data!$D$2:$D$765,2026) -> 1 | F46: =SUM(B46:E46) -> 4
A47: XCMG | B47: =COUNTIFS(Data!$A$2:$A$765,$A47,Data!$C$2:$C$765,"=Medium",Data!$D$2:$D$765,2023) -> 10 | C47: =COUNTIFS(Data!$A$2:$A$765,$A47,Data!$C$2:$C$765,"=Medium",Data!$D$2:$D$765,2024) -> 6 | D47: =COUNTIFS(Data!$A$2:$A$765,$A47,Data!$C$2:$C$765,"=Medium",Data!$D$2:$D$765,2025) -> 14 | E47: =COUNTIFS(Data!$A$2:$A$765,$A47,Data!$C$2:$C$765,"=Medium",Data!$D$2:$D$765,2026) -> 3 | F47: =SUM(B47:E47) -> 33
A48: AMCO VEBA | B48: =COUNTIFS(Data!$A$2:$A$765,$A48,Data!$C$2:$C$765,"=Medium",Data!$D$2:$D$765,2023) -> 21 | C48: =COUNTIFS(Data!$A$2:$A$765,$A48,Data!$C$2:$C$765,"=Medium",Data!$D$2:$D$765,2024) -> 10 | D48: =COUNTIFS(Data!$A$2:$A$765,$A48,Data!$C$2:$C$765,"=Medium",Data!$D$2:$D$765,2025) -> 5 | E48: =COUNTIFS(Data!$A$2:$A$765,$A48,Data!$C$2:$C$765,"=Medium",Data!$D$2:$D$765,2026) -> 0 | F48: =SUM(B48:E48) -> 36
A49: HIAB | B49: =COUNTIFS(Data!$A$2:$A$765,$A49,Data!$C$2:$C$765,"=Medium",Data!$D$2:$D$765,2023) -> 7 | C49: =COUNTIFS(Data!$A$2:$A$765,$A49,Data!$C$2:$C$765,"=Medium",Data!$D$2:$D$765,2024) -> 13 | D49: =COUNTIFS(Data!$A$2:$A$765,$A49,Data!$C$2:$C$765,"=Medium",Data!$D$2:$D$765,2025) -> 5 | E49: =COUNTIFS(Data!$A$2:$A$765,$A49,Data!$C$2:$C$765,"=Medium",Data!$D$2:$D$765,2026) -> 1 | F49: =SUM(B49:E49) -> 26
A50: TADANO | B50: =COUNTIFS(Data!$A$2:$A$765,$A50,Data!$C$2:$C$765,"=Medium",Data!$D$2:$D$765,2023) -> 0 | C50: =COUNTIFS(Data!$A$2:$A$765,$A50,Data!$C$2:$C$765,"=Medium",Data!$D$2:$D$765,2024) -> 0 | D50: =COUNTIFS(Data!$A$2:$A$765,$A50,Data!$C$2:$C$765,"=Medium",Data!$D$2:$D$765,2025) -> 0 | E50: =COUNTIFS(Data!$A$2:$A$765,$A50,Data!$C$2:$C$765,"=Medium",Data!$D$2:$D$765,2026) -> 0 | F50: =SUM(B50:E50) -> 0
A51: FASSI | B51: =COUNTIFS(Data!$A$2:$A$765,$A51,Data!$C$2:$C$765,"=Medium",Data!$D$2:$D$765,2023) -> 0 | C51: =COUNTIFS(Data!$A$2:$A$765,$A51,Data!$C$2:$C$765,"=Medium",Data!$D$2:$D$765,2024) -> 0 | D51: =COUNTIFS(Data!$A$2:$A$765,$A51,Data!$C$2:$C$765,"=Medium",Data!$D$2:$D$765,2025) -> 0 | E51: =COUNTIFS(Data!$A$2:$A$765,$A51,Data!$C$2:$C$765,"=Medium",Data!$D$2:$D$765,2026) -> 0 | F51: =SUM(B51:E51) -> 0
A52: BOB-LIFT | B52: =COUNTIFS(Data!$A$2:$A$765,$A52,Data!$C$2:$C$765,"=Medium",Data!$D$2:$D$765,2023) -> 0 | C52: =COUNTIFS(Data!$A$2:$A$765,$A52,Data!$C$2:$C$765,"=Medium",Data!$D$2:$D$765,2024) -> 0 | D52: =COUNTIFS(Data!$A$2:$A$765,$A52,Data!$C$2:$C$765,"=Medium",Data!$D$2:$D$765,2025) -> 0 | E52: =COUNTIFS(Data!$A$2:$A$765,$A52,Data!$C$2:$C$765,"=Medium",Data!$D$2:$D$765,2026) -> 0 | F52: =SUM(B52:E52) -> 0
A53: PM CRANES | B53: =COUNTIFS(Data!$A$2:$A$765,$A53,Data!$C$2:$C$765,"=Medium",Data!$D$2:$D$765,2023) -> 0 | C53: =COUNTIFS(Data!$A$2:$A$765,$A53,Data!$C$2:$C$765,"=Medium",Data!$D$2:$D$765,2024) -> 0 | D53: =COUNTIFS(Data!$A$2:$A$765,$A53,Data!$C$2:$C$765,"=Medium",Data!$D$2:$D$765,2025) -> 0 | E53: =COUNTIFS(Data!$A$2:$A$765,$A53,Data!$C$2:$C$765,"=Medium",Data!$D$2:$D$765,2026) -> 0 | F53: =SUM(B53:E53) -> 0
A54: ZOOMLION | B54: =COUNTIFS(Data!$A$2:$A$765,$A54,Data!$C$2:$C$765,"=Medium",Data!$D$2:$D$765,2023) -> 0 | C54: =COUNTIFS(Data!$A$2:$A$765,$A54,Data!$C$2:$C$765,"=Medium",Data!$D$2:$D$765,2024) -> 0 | D54: =COUNTIFS(Data!$A$2:$A$765,$A54,Data!$C$2:$C$765,"=Medium",Data!$D$2:$D$765,2025) -> 0 | E54: =COUNTIFS(Data!$A$2:$A$765,$A54,Data!$C$2:$C$765,"=Medium",Data!$D$2:$D$765,2026) -> 0 | F54: =SUM(B54:E54) -> 0
A55: FERRARI | B55: =COUNTIFS(Data!$A$2:$A$765,$A55,Data!$C$2:$C$765,"=Medium",Data!$D$2:$D$765,2023) -> 0 | C55: =COUNTIFS(Data!$A$2:$A$765,$A55,Data!$C$2:$C$765,"=Medium",Data!$D$2:$D$765,2024) -> 0 | D55: =COUNTIFS(Data!$A$2:$A$765,$A55,Data!$C$2:$C$765,"=Medium",Data!$D$2:$D$765,2025) -> 0 | E55: =COUNTIFS(Data!$A$2:$A$765,$A55,Data!$C$2:$C$765,"=Medium",Data!$D$2:$D$765,2026) -> 0 | F55: =SUM(B55:E55) -> 0
A56: TOTAL | B56: =SUM(B44:B55) -> 74 | C56: =SUM(C44:C55) -> 70 | D56: =SUM(D44:D55) -> 60 | E56: =SUM(E44:E55) -> 14 | F56: =SUM(F44:F55) -> 218
A58: Heavy | B58: 2023 | C58: 2024 | D58: 2025 | E58: 2026 | F58: Total
A59: SANY PALFINGER | B59: =COUNTIFS(Data!$A$2:$A$765,$A59,Data!$C$2:$C$765,"=Heavy",Data!$D$2:$D$765,2023) -> 0 | C59: =COUNTIFS(Data!$A$2:$A$765,$A59,Data!$C$2:$C$765,"=Heavy",Data!$D$2:$D$765,2024) -> 0 | D59: =COUNTIFS(Data!$A$2:$A$765,$A59,Data!$C$2:$C$765,"=Heavy",Data!$D$2:$D$765,2025) -> 1 | E59: =COUNTIFS(Data!$A$2:$A$765,$A59,Data!$C$2:$C$765,"=Heavy",Data!$D$2:$D$765,2026) -> 0 | F59: =SUM(B59:E59) -> 1
A60: PALFINGER | B60: =COUNTIFS(Data!$A$2:$A$765,$A60,Data!$C$2:$C$765,"=Heavy",Data!$D$2:$D$765,2023) -> 7 | C60: =COUNTIFS(Data!$A$2:$A$765,$A60,Data!$C$2:$C$765,"=Heavy",Data!$D$2:$D$765,2024) -> 14 | D60: =COUNTIFS(Data!$A$2:$A$765,$A60,Data!$C$2:$C$765,"=Heavy",Data!$D$2:$D$765,2025) -> 22 | E60: =COUNTIFS(Data!$A$2:$A$765,$A60,Data!$C$2:$C$765,"=Heavy",Data!$D$2:$D$765,2026) -> 0 | F60: =SUM(B60:E60) -> 43
A61: HYVA | B61: =COUNTIFS(Data!$A$2:$A$765,$A61,Data!$C$2:$C$765,"=Heavy",Data!$D$2:$D$765,2023) -> 3 | C61: =COUNTIFS(Data!$A$2:$A$765,$A61,Data!$C$2:$C$765,"=Heavy",Data!$D$2:$D$765,2024) -> 0 | D61: =COUNTIFS(Data!$A$2:$A$765,$A61,Data!$C$2:$C$765,"=Heavy",Data!$D$2:$D$765,2025) -> 3 | E61: =COUNTIFS(Data!$A$2:$A$765,$A61,Data!$C$2:$C$765,"=Heavy",Data!$D$2:$D$765,2026) -> 1 | F61: =SUM(B61:E61) -> 7
A62: XCMG | B62: =COUNTIFS(Data!$A$2:$A$765,$A62,Data!$C$2:$C$765,"=Heavy",Data!$D$2:$D$765,2023) -> 3 | C62: =COUNTIFS(Data!$A$2:$A$765,$A62,Data!$C$2:$C$765,"=Heavy",Data!$D$2:$D$765,2024) -> 0 | D62: =COUNTIFS(Data!$A$2:$A$765,$A62,Data!$C$2:$C$765,"=Heavy",Data!$D$2:$D$765,2025) -> 4 | E62: =COUNTIFS(Data!$A$2:$A$765,$A62,Data!$C$2:$C$765,"=Heavy",Data!$D$2:$D$765,2026) -> 0 | F62: =SUM(B62:E62) -> 7
A63: AMCO VEBA | B63: =COUNTIFS(Data!$A$2:$A$765,$A63,Data!$C$2:$C$765,"=Heavy",Data!$D$2:$D$765,2023) -> 1 | C63: =COUNTIFS(Data!$A$2:$A$765,$A63,Data!$C$2:$C$765,"=Heavy",Data!$D$2:$D$765,2024) -> 3 | D63: =COUNTIFS(Data!$A$2:$A$765,$A63,Data!$C$2:$C$765,"=Heavy",Data!$D$2:$D$765,2025) -> 7 | E63: =COUNTIFS(Data!$A$2:$A$765,$A63,Data!$C$2:$C$765,"=Heavy",Data!$D$2:$D$765,2026) -> 1 | F63: =SUM(B63:E63) -> 12
A64: HIAB | B64: =COUNTIFS(Data!$A$2:$A$765,$A64,Data!$C$2:$C$765,"=Heavy",Data!$D$2:$D$765,2023) -> 2 | C64: =COUNTIFS(Data!$A$2:$A$765,$A64,Data!$C$2:$C$765,"=Heavy",Data!$D$2:$D$765,2024) -> 0 | D64: =COUNTIFS(Data!$A$2:$A$765,$A64,Data!$C$2:$C$765,"=Heavy",Data!$D$2:$D$765,2025) -> 0 | E64: =COUNTIFS(Data!$A$2:$A$765,$A64,Data!$C$2:$C$765,"=Heavy",Data!$D$2:$D$765,2026) -> 0 | F64: =SUM(B64:E64) -> 2
A65: TADANO | B65: =COUNTIFS(Data!$A$2:$A$765,$A65,Data!$C$2:$C$765,"=Heavy",Data!$D$2:$D$765,2023) -> 0 | C65: =COUNTIFS(Data!$A$2:$A$765,$A65,Data!$C$2:$C$765,"=Heavy",Data!$D$2:$D$765,2024) -> 0 | D65: =COUNTIFS(Data!$A$2:$A$765,$A65,Data!$C$2:$C$765,"=Heavy",Data!$D$2:$D$765,2025) -> 0 | E65: =COUNTIFS(Data!$A$2:$A$765,$A65,Data!$C$2:$C$765,"=Heavy",Data!$D$2:$D$765,2026) -> 0 | F65: =SUM(B65:E65) -> 0
A66: FASSI | B66: =COUNTIFS(Data!$A$2:$A$765,$A66,Data!$C$2:$C$765,"=Heavy",Data!$D$2:$D$765,2023) -> 0 | C66: =COUNTIFS(Data!$A$2:$A$765,$A66,Data!$C$2:$C$765,"=Heavy",Data!$D$2:$D$765,2024) -> 0 | D66: =COUNTIFS(Data!$A$2:$A$765,$A66,Data!$C$2:$C$765,"=Heavy",Data!$D$2:$D$765,2025) -> 1 | E66: =COUNTIFS(Data!$A$2:$A$765,$A66,Data!$C$2:$C$765,"=Heavy",Data!$D$2:$D$765,2026) -> 0 | F66: =SUM(B66:E66) -> 1
A67: BOB-LIFT | B67: =COUNTIFS(Data!$A$2:$A$765,$A67,Data!$C$2:$C$765,"=Heavy",Data!$D$2:$D$765,2023) -> 0 | C67: =COUNTIFS(Data!$A$2:$A$765,$A67,Data!$C$2:$C$765,"=Heavy",Data!$D$2:$D$765,2024) -> 0 | D67: =COUNTIFS(Data!$A$2:$A$765,$A67,Data!$C$2:$C$765,"=Heavy",Data!$D$2:$D$765,2025) -> 0 | E67: =COUNTIFS(Data!$A$2:$A$765,$A67,Data!$C$2:$C$765,"=Heavy",Data!$D$2:$D$765,2026) -> 0 | F67: =SUM(B67:E67) -> 0
A68: PM CRANES | B68: =COUNTIFS(Data!$A$2:$A$765,$A68,Data!$C$2:$C$765,"=Heavy",Data!$D$2:$D$765,2023) -> 0 | C68: =COUNTIFS(Data!$A$2:$A$765,$A68,Data!$C$2:$C$765,"=Heavy",Data!$D$2:$D$765,2024) -> 0 | D68: =COUNTIFS(Data!$A$2:$A$765,$A68,Data!$C$2:$C$765,"=Heavy",Data!$D$2:$D$765,2025) -> 0 | E68: =COUNTIFS(Data!$A$2:$A$765,$A68,Data!$C$2:$C$765,"=Heavy",Data!$D$2:$D$765,2026) -> 0 | F68: =SUM(B68:E68) -> 0
A69: ZOOMLION | B69: =COUNTIFS(Data!$A$2:$A$765,$A69,Data!$C$2:$C$765,"=Heavy",Data!$D$2:$D$765,2023) -> 0 | C69: =COUNTIFS(Data!$A$2:$A$765,$A69,Data!$C$2:$C$765,"=Heavy",Data!$D$2:$D$765,2024) -> 0 | D69: =COUNTIFS(Data!$A$2:$A$765,$A69,Data!$C$2:$C$765,"=Heavy",Data!$D$2:$D$765,2025) -> 1 | E69: =COUNTIFS(Data!$A$2:$A$765,$A69,Data!$C$2:$C$765,"=Heavy",Data!$D$2:$D$765,2026) -> 1 | F69: =SUM(B69:E69) -> 2
A70: FERRARI | B70: =COUNTIFS(Data!$A$2:$A$765,$A70,Data!$C$2:$C$765,"=Heavy",Data!$D$2:$D$765,2023) -> 0 | C70: =COUNTIFS(Data!$A$2:$A$765,$A70,Data!$C$2:$C$765,"=Heavy",Data!$D$2:$D$765,2024) -> 0 | D70: =COUNTIFS(Data!$A$2:$A$765,$A70,Data!$C$2:$C$765,"=Heavy",Data!$D$2:$D$765,2025) -> 0 | E70: =COUNTIFS(Data!$A$2:$A$765,$A70,Data!$C$2:$C$765,"=Heavy",Data!$D$2:$D$765,2026) -> 0 | F70: =SUM(B70:E70) -> 0
A71: TOTAL | B71: =SUM(B59:B70) -> 16 | C71: =SUM(C59:C70) -> 17 | D71: =SUM(D59:D70) -> 39 | E71: =SUM(E59:E70) -> 3 | F71: =SUM(F59:F70) -> 75

Sheet 4. Trend Momentum
A1: TREND MOMENTUM — VOLUME, VALUE & MODEL TERPOPULER
A3: Year | B3: Txn | C3: Value (USD) | D3: Avg Price (USD) | E3: YoY Txn | F3: YoY Value
A4: 2023 | B4: =COUNTIF(Data!$D$2:$D$765,2023) -> 267 | C4: =SUMIF(Data!$D$2:$D$765,2023,Data!$F$2:$F$765) -> 6401717.4 | D4: =IFERROR(C4/B4,0) -> 23976.47
A5: 2024 | B5: =COUNTIF(Data!$D$2:$D$765,2024) -> 191 | C5: =SUMIF(Data!$D$2:$D$765,2024,Data!$F$2:$F$765) -> 6108371.8 | D5: =IFERROR(C5/B5,0) -> 31981.004 | E5: =IFERROR(B5/B4-1,0) -> -0.28464419 | F5: =IFERROR(C5/C4-1,0) -> -0.04582296
A6: 2025 | B6: =COUNTIF(Data!$D$2:$D$765,2025) -> 227 | C6: =SUMIF(Data!$D$2:$D$765,2025,Data!$F$2:$F$765) -> 7039257.3 | D6: =IFERROR(C6/B6,0) -> 31009.944 | E6: =IFERROR(B6/B5-1,0) -> 0.18848168 | F6: =IFERROR(C6/C5-1,0) -> 0.15239504
A7: 2026 YTD (s/d Aug) | B7: =COUNTIF(Data!$D$2:$D$765,2026) -> 79 | C7: =SUMIF(Data!$D$2:$D$765,2026,Data!$F$2:$F$765) -> 1524050.4 | D7: =IFERROR(C7/B7,0) -> 19291.777 | E7: =IFERROR(B7/B6-1,0) -> -0.65198238 | F7: =IFERROR(C7/C6-1,0) -> -0.78349273
A8: TOTAL 4 TAHUN | B8: =SUM(B4:B7) -> 764 | C8: =SUM(C4:C7) -> 21073397 | D8: =IFERROR(C8/B8,0) -> 27582.98
A11: TOP 10 MODEL TERPOPULER
A12: Model | B12: Brand | C12: Kategori Max Lifting Moment | D12: Txn | E12: Total Value (USD) | F12: Avg Price (USD) | G12: GVW Rekomendasi (ton)
A13: SANY PALFINGER SPK8500 | B13: SANY PALFINGER | C13: Light | D13: =COUNTIF(Data!$B$2:$B$765,$A13) -> 48 | E13: =SUMIF(Data!$B$2:$B$765,$A13,Data!$F$2:$F$765) -> 496852.07 | F13: =IFERROR(E13/D13,0) -> 10351.085 | G13: =INDEX(Data!$N$2:$N$765,MATCH($A13,Data!$B$2:$B$765,0)) -> 10
A14: HYVA HB60 | B14: HYVA | C14: Light | D14: =COUNTIF(Data!$B$2:$B$765,$A14) -> 44 | E14: =SUMIF(Data!$B$2:$B$765,$A14,Data!$F$2:$F$765) -> 440848.34 | F14: =IFERROR(E14/D14,0) -> 10019.28 | G14: =INDEX(Data!$N$2:$N$765,MATCH($A14,Data!$B$2:$B$765,0)) -> 10
A15: SANY PALFINGER SPK23500 | B15: SANY PALFINGER | C15: Small | D15: =COUNTIF(Data!$B$2:$B$765,$A15) -> 42 | E15: =SUMIF(Data!$B$2:$B$765,$A15,Data!$F$2:$F$765) -> 759487.38 | F15: =IFERROR(E15/D15,0) -> 18083.033 | G15: =INDEX(Data!$N$2:$N$765,MATCH($A15,Data!$B$2:$B$765,0)) -> 19
A16: SANY PALFINGER SPK8500A | B16: SANY PALFINGER | C16: Light | D16: =COUNTIF(Data!$B$2:$B$765,$A16) -> 42 | E16: =SUMIF(Data!$B$2:$B$765,$A16,Data!$F$2:$F$765) -> 434294.35 | F16: =IFERROR(E16/D16,0) -> 10340.342 | G16: =INDEX(Data!$N$2:$N$765,MATCH($A16,Data!$B$2:$B$765,0)) -> 10
A17: PALFINGER PK 53002 SH B | B17: PALFINGER | C17: Heavy | D17: =COUNTIF(Data!$B$2:$B$765,$A17) -> 38 | E17: =SUMIF(Data!$B$2:$B$765,$A17,Data!$F$2:$F$765) -> 2898827.7 | F17: =IFERROR(E17/D17,0) -> 76284.939 | G17: =INDEX(Data!$N$2:$N$765,MATCH($A17,Data!$B$2:$B$765,0)) -> 42
A18: PALFINGER PK 8501 SLD 3 A | B18: PALFINGER | C18: Light | D18: =COUNTIF(Data!$B$2:$B$765,$A18) -> 34 | E18: =SUMIF(Data!$B$2:$B$765,$A18,Data!$F$2:$F$765) -> 772478.79 | F18: =IFERROR(E18/D18,0) -> 22719.964 | G18: =INDEX(Data!$N$2:$N$765,MATCH($A18,Data!$B$2:$B$765,0)) -> 10
A19: AMCO VEBA V825 | B19: AMCO VEBA | C19: Medium | D19: =COUNTIF(Data!$B$2:$B$765,$A19) -> 31 | E19: =SUMIF(Data!$B$2:$B$765,$A19,Data!$F$2:$F$765) -> 900512.94 | F19: =IFERROR(E19/D19,0) -> 29048.805 | G19: =INDEX(Data!$N$2:$N$765,MATCH($A19,Data!$B$2:$B$765,0)) -> 19
A20: SANY PALFINGER SPK23500B | B20: SANY PALFINGER | C20: Small | D20: =COUNTIF(Data!$B$2:$B$765,$A20) -> 28 | E20: =SUMIF(Data!$B$2:$B$765,$A20,Data!$F$2:$F$765) -> 555241 | F20: =IFERROR(E20/D20,0) -> 19830.036 | G20: =INDEX(Data!$N$2:$N$765,MATCH($A20,Data!$B$2:$B$765,0)) -> 19
A21: SANY PALFINGER SPK36080 | B21: SANY PALFINGER | C21: Medium | D21: =COUNTIF(Data!$B$2:$B$765,$A21) -> 23 | E21: =SUMIF(Data!$B$2:$B$765,$A21,Data!$F$2:$F$765) -> 537915.36 | F21: =IFERROR(E21/D21,0) -> 23387.624 | G21: =INDEX(Data!$N$2:$N$765,MATCH($A21,Data!$B$2:$B$765,0)) -> 26
A22: HIAB X-CLX 388 | B22: HIAB | C22: Medium | D22: =COUNTIF(Data!$B$2:$B$765,$A22) -> 21 | E22: =SUMIF(Data!$B$2:$B$765,$A22,Data!$F$2:$F$765) -> 898988.75 | F22: =IFERROR(E22/D22,0) -> 42808.988 | G22: =INDEX(Data!$N$2:$N$765,MATCH($A22,Data!$B$2:$B$765,0)) -> 26
A25: VOLUME PER KATEGORI MAX LIFTING MOMENT (TOTAL)
A26: Kategori Max Lifting Moment | B26: Txn | C26: Share | D26: Value (USD)
A27: Light | B27: ='3. Kategori MLM per Tahun'!$F$4 -> 248 | C27: =IFERROR(B27/764,0) -> 0.32460733 | D27: ='3. Kategori MLM per Tahun'!$K$4 -> 3019087.2
A28: Small | B28: ='3. Kategori MLM per Tahun'!$F$5 -> 223 | C28: =IFERROR(B28/764,0) -> 0.29188482 | D28: ='3. Kategori MLM per Tahun'!$K$5 -> 5037297
A29: Medium | B29: ='3. Kategori MLM per Tahun'!$F$6 -> 218 | C29: =IFERROR(B29/764,0) -> 0.28534031 | D29: ='3. Kategori MLM per Tahun'!$K$6 -> 7304431.1
A30: Heavy | B30: ='3. Kategori MLM per Tahun'!$F$7 -> 75 | C30: =IFERROR(B30/764,0) -> 0.098167539 | D30: ='3. Kategori MLM per Tahun'!$K$7 -> 5712581.6

Sheet 5. Value Pool
A1: VALUE POOL — USD & QTY × KATEGORI MAX LIFTING MOMENT
A3: Brand | B3: Light | C3: Small | D3: Medium | E3: Heavy | F3: TOTAL (USD) | G3: Share
A4: SANY PALFINGER | B4: =SUMIFS(Data!$F$2:$F$765,Data!$A$2:$A$765,$A4,Data!$C$2:$C$765,"="&B$3) -> 1100916.7 | C4: =SUMIFS(Data!$F$2:$F$765,Data!$A$2:$A$765,$A4,Data!$C$2:$C$765,"="&C$3) -> 1853336.9 | D4: =SUMIFS(Data!$F$2:$F$765,Data!$A$2:$A$765,$A4,Data!$C$2:$C$765,"="&D$3) -> 2317944.5 | E4: =SUMIFS(Data!$F$2:$F$765,Data!$A$2:$A$765,$A4,Data!$C$2:$C$765,"="&E$3) -> 69396.46 | F4: =SUM(B4:E4) -> 5341594.6 | G4: =F4/$F$16 -> 0.25347573
A5: PALFINGER | B5: =SUMIFS(Data!$F$2:$F$765,Data!$A$2:$A$765,$A5,Data!$C$2:$C$765,"="&B$3) -> 836947.19 | C5: =SUMIFS(Data!$F$2:$F$765,Data!$A$2:$A$765,$A5,Data!$C$2:$C$765,"="&C$3) -> 414041.25 | D5: =SUMIFS(Data!$F$2:$F$765,Data!$A$2:$A$765,$A5,Data!$C$2:$C$765,"="&D$3) -> 1701283.7 | E5: =SUMIFS(Data!$F$2:$F$765,Data!$A$2:$A$765,$A5,Data!$C$2:$C$765,"="&E$3) -> 3304531.6 | F5: =SUM(B5:E5) -> 6256803.7 | G5: =F5/$F$16 -> 0.29690532
A6: HYVA | B6: =SUMIFS(Data!$F$2:$F$765,Data!$A$2:$A$765,$A6,Data!$C$2:$C$765,"="&B$3) -> 765621.56 | C6: =SUMIFS(Data!$F$2:$F$765,Data!$A$2:$A$765,$A6,Data!$C$2:$C$765,"="&C$3) -> 570766.51 | D6: =SUMIFS(Data!$F$2:$F$765,Data!$A$2:$A$765,$A6,Data!$C$2:$C$765,"="&D$3) -> 197711.24 | E6: =SUMIFS(Data!$F$2:$F$765,Data!$A$2:$A$765,$A6,Data!$C$2:$C$765,"="&E$3) -> 496421.06 | F6: =SUM(B6:E6) -> 2030520.4 | G6: =F6/$F$16 -> 0.096354678
A7: XCMG | B7: =SUMIFS(Data!$F$2:$F$765,Data!$A$2:$A$765,$A7,Data!$C$2:$C$765,"="&B$3) -> 91096.69 | C7: =SUMIFS(Data!$F$2:$F$765,Data!$A$2:$A$765,$A7,Data!$C$2:$C$765,"="&C$3) -> 635195.91 | D7: =SUMIFS(Data!$F$2:$F$765,Data!$A$2:$A$765,$A7,Data!$C$2:$C$765,"="&D$3) -> 912318.61 | E7: =SUMIFS(Data!$F$2:$F$765,Data!$A$2:$A$765,$A7,Data!$C$2:$C$765,"="&E$3) -> 381579.36 | F7: =SUM(B7:E7) -> 2020190.6 | G7: =F7/$F$16 -> 0.095864496
A8: AMCO VEBA | B8: =SUMIFS(Data!$F$2:$F$765,Data!$A$2:$A$765,$A8,Data!$C$2:$C$765,"="&B$3) -> 106936.18 | C8: =SUMIFS(Data!$F$2:$F$765,Data!$A$2:$A$765,$A8,Data!$C$2:$C$765,"="&C$3) -> 222088.83 | D8: =SUMIFS(Data!$F$2:$F$765,Data!$A$2:$A$765,$A8,Data!$C$2:$C$765,"="&D$3) -> 1117505.7 | E8: =SUMIFS(Data!$F$2:$F$765,Data!$A$2:$A$765,$A8,Data!$C$2:$C$765,"="&E$3) -> 1061767.8 | F8: =SUM(B8:E8) -> 2508298.6 | G8: =F8/$F$16 -> 0.11902678
A9: HIAB | B9: =SUMIFS(Data!$F$2:$F$765,Data!$A$2:$A$765,$A9,Data!$C$2:$C$765,"="&B$3) -> 25352.24 | C9: =SUMIFS(Data!$F$2:$F$765,Data!$A$2:$A$765,$A9,Data!$C$2:$C$765,"="&C$3) -> 677736.78 | D9: =SUMIFS(Data!$F$2:$F$765,Data!$A$2:$A$765,$A9,Data!$C$2:$C$765,"="&D$3) -> 1057667.3 | E9: =SUMIFS(Data!$F$2:$F$765,Data!$A$2:$A$765,$A9,Data!$C$2:$C$765,"="&E$3) -> 229791.9 | F9: =SUM(B9:E9) -> 1990548.2 | G9: =F9/$F$16 -> 0.094457872
A10: TADANO | B10: =SUMIFS(Data!$F$2:$F$765,Data!$A$2:$A$765,$A10,Data!$C$2:$C$765,"="&B$3) -> 33666.28 | C10: =SUMIFS(Data!$F$2:$F$765,Data!$A$2:$A$765,$A10,Data!$C$2:$C$765,"="&C$3) -> 381719.33 | D10: =SUMIFS(Data!$F$2:$F$765,Data!$A$2:$A$765,$A10,Data!$C$2:$C$765,"="&D$3) -> 0 | E10: =SUMIFS(Data!$F$2:$F$765,Data!$A$2:$A$765,$A10,Data!$C$2:$C$765,"="&E$3) -> 0 | F10: =SUM(B10:E10) -> 415385.61 | G10: =F10/$F$16 -> 0.019711374
A11: FASSI | B11: =SUMIFS(Data!$F$2:$F$765,Data!$A$2:$A$765,$A11,Data!$C$2:$C$765,"="&B$3) -> 33418.84 | C11: =SUMIFS(Data!$F$2:$F$765,Data!$A$2:$A$765,$A11,Data!$C$2:$C$765,"="&C$3) -> 190918.58 | D11: =SUMIFS(Data!$F$2:$F$765,Data!$A$2:$A$765,$A11,Data!$C$2:$C$765,"="&D$3) -> 0 | E11: =SUMIFS(Data!$F$2:$F$765,Data!$A$2:$A$765,$A11,Data!$C$2:$C$765,"="&E$3) -> 75771.79 | F11: =SUM(B11:E11) -> 300109.21 | G11: =F11/$F$16 -> 0.014241141
A12: BOB-LIFT | B12: =SUMIFS(Data!$F$2:$F$765,Data!$A$2:$A$765,$A12,Data!$C$2:$C$765,"="&B$3) -> 10883.85 | C12: =SUMIFS(Data!$F$2:$F$765,Data!$A$2:$A$765,$A12,Data!$C$2:$C$765,"="&C$3) -> 34980.03 | D12: =SUMIFS(Data!$F$2:$F$765,Data!$A$2:$A$765,$A12,Data!$C$2:$C$765,"="&D$3) -> 0 | E12: =SUMIFS(Data!$F$2:$F$765,Data!$A$2:$A$765,$A12,Data!$C$2:$C$765,"="&E$3) -> 0 | F12: =SUM(B12:E12) -> 45863.88 | G12: =F12/$F$16 -> 0.0021763876
A13: PM CRANES | B13: =SUMIFS(Data!$F$2:$F$765,Data!$A$2:$A$765,$A13,Data!$C$2:$C$765,"="&B$3) -> 0 | C13: =SUMIFS(Data!$F$2:$F$765,Data!$A$2:$A$765,$A13,Data!$C$2:$C$765,"="&C$3) -> 56512.89 | D13: =SUMIFS(Data!$F$2:$F$765,Data!$A$2:$A$765,$A13,Data!$C$2:$C$765,"="&D$3) -> 0 | E13: =SUMIFS(Data!$F$2:$F$765,Data!$A$2:$A$765,$A13,Data!$C$2:$C$765,"="&E$3) -> 0 | F13: =SUM(B13:E13) -> 56512.89 | G13: =F13/$F$16 -> 0.0026817172
A14: ZOOMLION | B14: =SUMIFS(Data!$F$2:$F$765,Data!$A$2:$A$765,$A14,Data!$C$2:$C$765,"="&B$3) -> 0 | C14: =SUMIFS(Data!$F$2:$F$765,Data!$A$2:$A$765,$A14,Data!$C$2:$C$765,"="&C$3) -> 0 | D14: =SUMIFS(Data!$F$2:$F$765,Data!$A$2:$A$765,$A14,Data!$C$2:$C$765,"="&D$3) -> 0 | E14: =SUMIFS(Data!$F$2:$F$765,Data!$A$2:$A$765,$A14,Data!$C$2:$C$765,"="&E$3) -> 93321.58 | F14: =SUM(B14:E14) -> 93321.58 | G14: =F14/$F$16 -> 0.0044284071
A15: FERRARI | B15: =SUMIFS(Data!$F$2:$F$765,Data!$A$2:$A$765,$A15,Data!$C$2:$C$765,"="&B$3) -> 14247.7 | C15: =SUMIFS(Data!$F$2:$F$765,Data!$A$2:$A$765,$A15,Data!$C$2:$C$765,"="&C$3) -> 0 | D15: =SUMIFS(Data!$F$2:$F$765,Data!$A$2:$A$765,$A15,Data!$C$2:$C$765,"="&D$3) -> 0 | E15: =SUMIFS(Data!$F$2:$F$765,Data!$A$2:$A$765,$A15,Data!$C$2:$C$765,"="&E$3) -> 0 | F15: =SUM(B15:E15) -> 14247.7 | G15: =F15/$F$16 -> 0.00067609888
A16: TOTAL | B16: =SUM(B4:B15) -> 3019087.2 | C16: =SUM(C4:C15) -> 5037297 | D16: =SUM(D4:D15) -> 7304431.1 | E16: =SUM(E4:E15) -> 5712581.6 | F16: =SUM(F4:F15) -> 21073397
A19: QTY (UNITS) × KATEGORI MAX LIFTING MOMENT
A21: Brand | B21: Light | C21: Small | D21: Medium | E21: Heavy | F21: TOTAL (Units) | G21: Share
A22: SANY PALFINGER | B22: =COUNTIFS(Data!$A$2:$A$765,$A22,Data!$C$2:$C$765,"="&B$21) -> 110 | C22: =COUNTIFS(Data!$A$2:$A$765,$A22,Data!$C$2:$C$765,"="&C$21) -> 103 | D22: =COUNTIFS(Data!$A$2:$A$765,$A22,Data!$C$2:$C$765,"="&D$21) -> 88 | E22: =COUNTIFS(Data!$A$2:$A$765,$A22,Data!$C$2:$C$765,"="&E$21) -> 1 | F22: =SUM(B22:E22) -> 302 | G22: =F22/$F$34 -> 0.39528796
A23: PALFINGER | B23: =COUNTIFS(Data!$A$2:$A$765,$A23,Data!$C$2:$C$765,"="&B$21) -> 38 | C23: =COUNTIFS(Data!$A$2:$A$765,$A23,Data!$C$2:$C$765,"="&C$21) -> 12 | D23: =COUNTIFS(Data!$A$2:$A$765,$A23,Data!$C$2:$C$765,"="&D$21) -> 31 | E23: =COUNTIFS(Data!$A$2:$A$765,$A23,Data!$C$2:$C$765,"="&E$21) -> 43 | F23: =SUM(B23:E23) -> 124 | G23: =F23/$F$34 -> 0.16230366
A24: HYVA | B24: =COUNTIFS(Data!$A$2:$A$765,$A24,Data!$C$2:$C$765,"="&B$21) -> 71 | C24: =COUNTIFS(Data!$A$2:$A$765,$A24,Data!$C$2:$C$765,"="&C$21) -> 20 | D24: =COUNTIFS(Data!$A$2:$A$765,$A24,Data!$C$2:$C$765,"="&D$21) -> 4 | E24: =COUNTIFS(Data!$A$2:$A$765,$A24,Data!$C$2:$C$765,"="&E$21) -> 7 | F24: =SUM(B24:E24) -> 102 | G24: =F24/$F$34 -> 0.13350785
A25: XCMG | B25: =COUNTIFS(Data!$A$2:$A$765,$A25,Data!$C$2:$C$765,"="&B$21) -> 11 | C25: =COUNTIFS(Data!$A$2:$A$765,$A25,Data!$C$2:$C$765,"="&C$21) -> 37 | D25: =COUNTIFS(Data!$A$2:$A$765,$A25,Data!$C$2:$C$765,"="&D$21) -> 33 | E25: =COUNTIFS(Data!$A$2:$A$765,$A25,Data!$C$2:$C$765,"="&E$21) -> 7 | F25: =SUM(B25:E25) -> 88 | G25: =F25/$F$34 -> 0.11518325
A26: AMCO VEBA | B26: =COUNTIFS(Data!$A$2:$A$765,$A26,Data!$C$2:$C$765,"="&B$21) -> 9 | C26: =COUNTIFS(Data!$A$2:$A$765,$A26,Data!$C$2:$C$765,"="&C$21) -> 11 | D26: =COUNTIFS(Data!$A$2:$A$765,$A26,Data!$C$2:$C$765,"="&D$21) -> 36 | E26: =COUNTIFS(Data!$A$2:$A$765,$A26,Data!$C$2:$C$765,"="&E$21) -> 12 | F26: =SUM(B26:E26) -> 68 | G26: =F26/$F$34 -> 0.089005236
A27: HIAB | B27: =COUNTIFS(Data!$A$2:$A$765,$A27,Data!$C$2:$C$765,"="&B$21) -> 1 | C27: =COUNTIFS(Data!$A$2:$A$765,$A27,Data!$C$2:$C$765,"="&C$21) -> 16 | D27: =COUNTIFS(Data!$A$2:$A$765,$A27,Data!$C$2:$C$765,"="&D$21) -> 26 | E27: =COUNTIFS(Data!$A$2:$A$765,$A27,Data!$C$2:$C$765,"="&E$21) -> 2 | F27: =SUM(B27:E27) -> 45 | G27: =F27/$F$34 -> 0.058900524
A28: TADANO | B28: =COUNTIFS(Data!$A$2:$A$765,$A28,Data!$C$2:$C$765,"="&B$21) -> 2 | C28: =COUNTIFS(Data!$A$2:$A$765,$A28,Data!$C$2:$C$765,"="&C$21) -> 11 | D28: =COUNTIFS(Data!$A$2:$A$765,$A28,Data!$C$2:$C$765,"="&D$21) -> 0 | E28: =COUNTIFS(Data!$A$2:$A$765,$A28,Data!$C$2:$C$765,"="&E$21) -> 0 | F28: =SUM(B28:E28) -> 13 | G28: =F28/$F$34 -> 0.017015707
A29: FASSI | B29: =COUNTIFS(Data!$A$2:$A$765,$A29,Data!$C$2:$C$765,"="&B$21) -> 3 | C29: =COUNTIFS(Data!$A$2:$A$765,$A29,Data!$C$2:$C$765,"="&C$21) -> 7 | D29: =COUNTIFS(Data!$A$2:$A$765,$A29,Data!$C$2:$C$765,"="&D$21) -> 0 | E29: =COUNTIFS(Data!$A$2:$A$765,$A29,Data!$C$2:$C$765,"="&E$21) -> 1 | F29: =SUM(B29:E29) -> 11 | G29: =F29/$F$34 -> 0.014397906
A30: BOB-LIFT | B30: =COUNTIFS(Data!$A$2:$A$765,$A30,Data!$C$2:$C$765,"="&B$21) -> 2 | C30: =COUNTIFS(Data!$A$2:$A$765,$A30,Data!$C$2:$C$765,"="&C$21) -> 3 | D30: =COUNTIFS(Data!$A$2:$A$765,$A30,Data!$C$2:$C$765,"="&D$21) -> 0 | E30: =COUNTIFS(Data!$A$2:$A$765,$A30,Data!$C$2:$C$765,"="&E$21) -> 0 | F30: =SUM(B30:E30) -> 5 | G30: =F30/$F$34 -> 0.0065445026
A31: PM CRANES | B31: =COUNTIFS(Data!$A$2:$A$765,$A31,Data!$C$2:$C$765,"="&B$21) -> 0 | C31: =COUNTIFS(Data!$A$2:$A$765,$A31,Data!$C$2:$C$765,"="&C$21) -> 3 | D31: =COUNTIFS(Data!$A$2:$A$765,$A31,Data!$C$2:$C$765,"="&D$21) -> 0 | E31: =COUNTIFS(Data!$A$2:$A$765,$A31,Data!$C$2:$C$765,"="&E$21) -> 0 | F31: =SUM(B31:E31) -> 3 | G31: =F31/$F$34 -> 0.0039267016
A32: ZOOMLION | B32: =COUNTIFS(Data!$A$2:$A$765,$A32,Data!$C$2:$C$765,"="&B$21) -> 0 | C32: =COUNTIFS(Data!$A$2:$A$765,$A32,Data!$C$2:$C$765,"="&C$21) -> 0 | D32: =COUNTIFS(Data!$A$2:$A$765,$A32,Data!$C$2:$C$765,"="&D$21) -> 0 | E32: =COUNTIFS(Data!$A$2:$A$765,$A32,Data!$C$2:$C$765,"="&E$21) -> 2 | F32: =SUM(B32:E32) -> 2 | G32: =F32/$F$34 -> 0.002617801
A33: FERRARI | B33: =COUNTIFS(Data!$A$2:$A$765,$A33,Data!$C$2:$C$765,"="&B$21) -> 1 | C33: =COUNTIFS(Data!$A$2:$A$765,$A33,Data!$C$2:$C$765,"="&C$21) -> 0 | D33: =COUNTIFS(Data!$A$2:$A$765,$A33,Data!$C$2:$C$765,"="&D$21) -> 0 | E33: =COUNTIFS(Data!$A$2:$A$765,$A33,Data!$C$2:$C$765,"="&E$21) -> 0 | F33: =SUM(B33:E33) -> 1 | G33: =F33/$F$34 -> 0.0013089005
A34: TOTAL | B34: =SUM(B22:B33) -> 248 | C34: =SUM(C22:C33) -> 223 | D34: =SUM(D22:D33) -> 218 | E34: =SUM(E22:E33) -> 75 | F34: =SUM(F22:F33) -> 764
A37: QTY × KATEGORI MAX LIFTING MOMENT × TAHUN (PER BRAND)
A39: Brand: SANY PALFINGER
A40: Kategori Max Lifting Moment | B40: 2023 | C40: 2024 | D40: 2025 | E40: 2026 | F40: Total
A41: Light | B41: =COUNTIFS(Data!$A$2:$A$765,"=SANY PALFINGER",Data!$C$2:$C$765,"="&$A41,Data!$D$2:$D$765,2023) -> 30 | C41: =COUNTIFS(Data!$A$2:$A$765,"=SANY PALFINGER",Data!$C$2:$C$765,"="&$A41,Data!$D$2:$D$765,2024) -> 19 | D41: =COUNTIFS(Data!$A$2:$A$765,"=SANY PALFINGER",Data!$C$2:$C$765,"="&$A41,Data!$D$2:$D$765,2025) -> 30 | E41: =COUNTIFS(Data!$A$2:$A$765,"=SANY PALFINGER",Data!$C$2:$C$765,"="&$A41,Data!$D$2:$D$765,2026) -> 31 | F41: =SUM(B41:E41) -> 110
A42: Small | B42: =COUNTIFS(Data!$A$2:$A$765,"=SANY PALFINGER",Data!$C$2:$C$765,"="&$A42,Data!$D$2:$D$765,2023) -> 25 | C42: =COUNTIFS(Data!$A$2:$A$765,"=SANY PALFINGER",Data!$C$2:$C$765,"="&$A42,Data!$D$2:$D$765,2024) -> 32 | D42: =COUNTIFS(Data!$A$2:$A$765,"=SANY PALFINGER",Data!$C$2:$C$765,"="&$A42,Data!$D$2:$D$765,2025) -> 31 | E42: =COUNTIFS(Data!$A$2:$A$765,"=SANY PALFINGER",Data!$C$2:$C$765,"="&$A42,Data!$D$2:$D$765,2026) -> 15 | F42: =SUM(B42:E42) -> 103
A43: Medium | B43: =COUNTIFS(Data!$A$2:$A$765,"=SANY PALFINGER",Data!$C$2:$C$765,"="&$A43,Data!$D$2:$D$765,2023) -> 26 | C43: =COUNTIFS(Data!$A$2:$A$765,"=SANY PALFINGER",Data!$C$2:$C$765,"="&$A43,Data!$D$2:$D$765,2024) -> 23 | D43: =COUNTIFS(Data!$A$2:$A$765,"=SANY PALFINGER",Data!$C$2:$C$765,"="&$A43,Data!$D$2:$D$765,2025) -> 30 | E43: =COUNTIFS(Data!$A$2:$A$765,"=SANY PALFINGER",Data!$C$2:$C$765,"="&$A43,Data!$D$2:$D$765,2026) -> 9 | F43: =SUM(B43:E43) -> 88
A44: Heavy | B44: =COUNTIFS(Data!$A$2:$A$765,"=SANY PALFINGER",Data!$C$2:$C$765,"="&$A44,Data!$D$2:$D$765,2023) -> 0 | C44: =COUNTIFS(Data!$A$2:$A$765,"=SANY PALFINGER",Data!$C$2:$C$765,"="&$A44,Data!$D$2:$D$765,2024) -> 0 | D44: =COUNTIFS(Data!$A$2:$A$765,"=SANY PALFINGER",Data!$C$2:$C$765,"="&$A44,Data!$D$2:$D$765,2025) -> 1 | E44: =COUNTIFS(Data!$A$2:$A$765,"=SANY PALFINGER",Data!$C$2:$C$765,"="&$A44,Data!$D$2:$D$765,2026) -> 0 | F44: =SUM(B44:E44) -> 1
A45: TOTAL | B45: =SUM(B41:B44) -> 81 | C45: =SUM(C41:C44) -> 74 | D45: =SUM(D41:D44) -> 92 | E45: =SUM(E41:E44) -> 55 | F45: =SUM(F41:F44) -> 302
A47: Brand: PALFINGER
A48: Kategori Max Lifting Moment | B48: 2023 | C48: 2024 | D48: 2025 | E48: 2026 | F48: Total
A49: Light | B49: =COUNTIFS(Data!$A$2:$A$765,"=PALFINGER",Data!$C$2:$C$765,"="&$A49,Data!$D$2:$D$765,2023) -> 14 | C49: =COUNTIFS(Data!$A$2:$A$765,"=PALFINGER",Data!$C$2:$C$765,"="&$A49,Data!$D$2:$D$765,2024) -> 24 | D49: =COUNTIFS(Data!$A$2:$A$765,"=PALFINGER",Data!$C$2:$C$765,"="&$A49,Data!$D$2:$D$765,2025) -> 0 | E49: =COUNTIFS(Data!$A$2:$A$765,"=PALFINGER",Data!$C$2:$C$765,"="&$A49,Data!$D$2:$D$765,2026) -> 0 | F49: =SUM(B49:E49) -> 38
A50: Small | B50: =COUNTIFS(Data!$A$2:$A$765,"=PALFINGER",Data!$C$2:$C$765,"="&$A50,Data!$D$2:$D$765,2023) -> 5 | C50: =COUNTIFS(Data!$A$2:$A$765,"=PALFINGER",Data!$C$2:$C$765,"="&$A50,Data!$D$2:$D$765,2024) -> 4 | D50: =COUNTIFS(Data!$A$2:$A$765,"=PALFINGER",Data!$C$2:$C$765,"="&$A50,Data!$D$2:$D$765,2025) -> 3 | E50: =COUNTIFS(Data!$A$2:$A$765,"=PALFINGER",Data!$C$2:$C$765,"="&$A50,Data!$D$2:$D$765,2026) -> 0 | F50: =SUM(B50:E50) -> 12
A51: Medium | B51: =COUNTIFS(Data!$A$2:$A$765,"=PALFINGER",Data!$C$2:$C$765,"="&$A51,Data!$D$2:$D$765,2023) -> 9 | C51: =COUNTIFS(Data!$A$2:$A$765,"=PALFINGER",Data!$C$2:$C$765,"="&$A51,Data!$D$2:$D$765,2024) -> 17 | D51: =COUNTIFS(Data!$A$2:$A$765,"=PALFINGER",Data!$C$2:$C$765,"="&$A51,Data!$D$2:$D$765,2025) -> 5 | E51: =COUNTIFS(Data!$A$2:$A$765,"=PALFINGER",Data!$C$2:$C$765,"="&$A51,Data!$D$2:$D$765,2026) -> 0 | F51: =SUM(B51:E51) -> 31
A52: Heavy | B52: =COUNTIFS(Data!$A$2:$A$765,"=PALFINGER",Data!$C$2:$C$765,"="&$A52,Data!$D$2:$D$765,2023) -> 7 | C52: =COUNTIFS(Data!$A$2:$A$765,"=PALFINGER",Data!$C$2:$C$765,"="&$A52,Data!$D$2:$D$765,2024) -> 14 | D52: =COUNTIFS(Data!$A$2:$A$765,"=PALFINGER",Data!$C$2:$C$765,"="&$A52,Data!$D$2:$D$765,2025) -> 22 | E52: =COUNTIFS(Data!$A$2:$A$765,"=PALFINGER",Data!$C$2:$C$765,"="&$A52,Data!$D$2:$D$765,2026) -> 0 | F52: =SUM(B52:E52) -> 43
A53: TOTAL | B53: =SUM(B49:B52) -> 35 | C53: =SUM(C49:C52) -> 59 | D53: =SUM(D49:D52) -> 30 | E53: =SUM(E49:E52) -> 0 | F53: =SUM(F49:F52) -> 124
A55: Brand: HYVA
A56: Kategori Max Lifting Moment | B56: 2023 | C56: 2024 | D56: 2025 | E56: 2026 | F56: Total
A57: Light | B57: =COUNTIFS(Data!$A$2:$A$765,"=HYVA",Data!$C$2:$C$765,"="&$A57,Data!$D$2:$D$765,2023) -> 55 | C57: =COUNTIFS(Data!$A$2:$A$765,"=HYVA",Data!$C$2:$C$765,"="&$A57,Data!$D$2:$D$765,2024) -> 3 | D57: =COUNTIFS(Data!$A$2:$A$765,"=HYVA",Data!$C$2:$C$765,"="&$A57,Data!$D$2:$D$765,2025) -> 13 | E57: =COUNTIFS(Data!$A$2:$A$765,"=HYVA",Data!$C$2:$C$765,"="&$A57,Data!$D$2:$D$765,2026) -> 0 | F57: =SUM(B57:E57) -> 71
A58: Small | B58: =COUNTIFS(Data!$A$2:$A$765,"=HYVA",Data!$C$2:$C$765,"="&$A58,Data!$D$2:$D$765,2023) -> 9 | C58: =COUNTIFS(Data!$A$2:$A$765,"=HYVA",Data!$C$2:$C$765,"="&$A58,Data!$D$2:$D$765,2024) -> 1 | D58: =COUNTIFS(Data!$A$2:$A$765,"=HYVA",Data!$C$2:$C$765,"="&$A58,Data!$D$2:$D$765,2025) -> 9 | E58: =COUNTIFS(Data!$A$2:$A$765,"=HYVA",Data!$C$2:$C$765,"="&$A58,Data!$D$2:$D$765,2026) -> 1 | F58: =SUM(B58:E58) -> 20
A59: Medium | B59: =COUNTIFS(Data!$A$2:$A$765,"=HYVA",Data!$C$2:$C$765,"="&$A59,Data!$D$2:$D$765,2023) -> 1 | C59: =COUNTIFS(Data!$A$2:$A$765,"=HYVA",Data!$C$2:$C$765,"="&$A59,Data!$D$2:$D$765,2024) -> 1 | D59: =COUNTIFS(Data!$A$2:$A$765,"=HYVA",Data!$C$2:$C$765,"="&$A59,Data!$D$2:$D$765,2025) -> 1 | E59: =COUNTIFS(Data!$A$2:$A$765,"=HYVA",Data!$C$2:$C$765,"="&$A59,Data!$D$2:$D$765,2026) -> 1 | F59: =SUM(B59:E59) -> 4
A60: Heavy | B60: =COUNTIFS(Data!$A$2:$A$765,"=HYVA",Data!$C$2:$C$765,"="&$A60,Data!$D$2:$D$765,2023) -> 3 | C60: =COUNTIFS(Data!$A$2:$A$765,"=HYVA",Data!$C$2:$C$765,"="&$A60,Data!$D$2:$D$765,2024) -> 0 | D60: =COUNTIFS(Data!$A$2:$A$765,"=HYVA",Data!$C$2:$C$765,"="&$A60,Data!$D$2:$D$765,2025) -> 3 | E60: =COUNTIFS(Data!$A$2:$A$765,"=HYVA",Data!$C$2:$C$765,"="&$A60,Data!$D$2:$D$765,2026) -> 1 | F60: =SUM(B60:E60) -> 7
A61: TOTAL | B61: =SUM(B57:B60) -> 68 | C61: =SUM(C57:C60) -> 5 | D61: =SUM(D57:D60) -> 26 | E61: =SUM(E57:E60) -> 3 | F61: =SUM(F57:F60) -> 102
A63: Brand: XCMG
A64: Kategori Max Lifting Moment | B64: 2023 | C64: 2024 | D64: 2025 | E64: 2026 | F64: Total
A65: Light | B65: =COUNTIFS(Data!$A$2:$A$765,"=XCMG",Data!$C$2:$C$765,"="&$A65,Data!$D$2:$D$765,2023) -> 2 | C65: =COUNTIFS(Data!$A$2:$A$765,"=XCMG",Data!$C$2:$C$765,"="&$A65,Data!$D$2:$D$765,2024) -> 1 | D65: =COUNTIFS(Data!$A$2:$A$765,"=XCMG",Data!$C$2:$C$765,"="&$A65,Data!$D$2:$D$765,2025) -> 5 | E65: =COUNTIFS(Data!$A$2:$A$765,"=XCMG",Data!$C$2:$C$765,"="&$A65,Data!$D$2:$D$765,2026) -> 3 | F65: =SUM(B65:E65) -> 11
A66: Small | B66: =COUNTIFS(Data!$A$2:$A$765,"=XCMG",Data!$C$2:$C$765,"="&$A66,Data!$D$2:$D$765,2023) -> 11 | C66: =COUNTIFS(Data!$A$2:$A$765,"=XCMG",Data!$C$2:$C$765,"="&$A66,Data!$D$2:$D$765,2024) -> 8 | D66: =COUNTIFS(Data!$A$2:$A$765,"=XCMG",Data!$C$2:$C$765,"="&$A66,Data!$D$2:$D$765,2025) -> 11 | E66: =COUNTIFS(Data!$A$2:$A$765,"=XCMG",Data!$C$2:$C$765,"="&$A66,Data!$D$2:$D$765,2026) -> 7 | F66: =SUM(B66:E66) -> 37
A67: Medium | B67: =COUNTIFS(Data!$A$2:$A$765,"=XCMG",Data!$C$2:$C$765,"="&$A67,Data!$D$2:$D$765,2023) -> 10 | C67: =COUNTIFS(Data!$A$2:$A$765,"=XCMG",Data!$C$2:$C$765,"="&$A67,Data!$D$2:$D$765,2024) -> 6 | D67: =COUNTIFS(Data!$A$2:$A$765,"=XCMG",Data!$C$2:$C$765,"="&$A67,Data!$D$2:$D$765,2025) -> 14 | E67: =COUNTIFS(Data!$A$2:$A$765,"=XCMG",Data!$C$2:$C$765,"="&$A67,Data!$D$2:$D$765,2026) -> 3 | F67: =SUM(B67:E67) -> 33
A68: Heavy | B68: =COUNTIFS(Data!$A$2:$A$765,"=XCMG",Data!$C$2:$C$765,"="&$A68,Data!$D$2:$D$765,2023) -> 3 | C68: =COUNTIFS(Data!$A$2:$A$765,"=XCMG",Data!$C$2:$C$765,"="&$A68,Data!$D$2:$D$765,2024) -> 0 | D68: =COUNTIFS(Data!$A$2:$A$765,"=XCMG",Data!$C$2:$C$765,"="&$A68,Data!$D$2:$D$765,2025) -> 4 | E68: =COUNTIFS(Data!$A$2:$A$765,"=XCMG",Data!$C$2:$C$765,"="&$A68,Data!$D$2:$D$765,2026) -> 0 | F68: =SUM(B68:E68) -> 7
A69: TOTAL | B69: =SUM(B65:B68) -> 26 | C69: =SUM(C65:C68) -> 15 | D69: =SUM(D65:D68) -> 34 | E69: =SUM(E65:E68) -> 13 | F69: =SUM(F65:F68) -> 88
A71: Brand: AMCO VEBA
A72: Kategori Max Lifting Moment | B72: 2023 | C72: 2024 | D72: 2025 | E72: 2026 | F72: Total
A73: Light | B73: =COUNTIFS(Data!$A$2:$A$765,"=AMCO VEBA",Data!$C$2:$C$765,"="&$A73,Data!$D$2:$D$765,2023) -> 4 | C73: =COUNTIFS(Data!$A$2:$A$765,"=AMCO VEBA",Data!$C$2:$C$765,"="&$A73,Data!$D$2:$D$765,2024) -> 5 | D73: =COUNTIFS(Data!$A$2:$A$765,"=AMCO VEBA",Data!$C$2:$C$765,"="&$A73,Data!$D$2:$D$765,2025) -> 0 | E73: =COUNTIFS(Data!$A$2:$A$765,"=AMCO VEBA",Data!$C$2:$C$765,"="&$A73,Data!$D$2:$D$765,2026) -> 0 | F73: =SUM(B73:E73) -> 9
A74: Small | B74: =COUNTIFS(Data!$A$2:$A$765,"=AMCO VEBA",Data!$C$2:$C$765,"="&$A74,Data!$D$2:$D$765,2023) -> 3 | C74: =COUNTIFS(Data!$A$2:$A$765,"=AMCO VEBA",Data!$C$2:$C$765,"="&$A74,Data!$D$2:$D$765,2024) -> 5 | D74: =COUNTIFS(Data!$A$2:$A$765,"=AMCO VEBA",Data!$C$2:$C$765,"="&$A74,Data!$D$2:$D$765,2025) -> 3 | E74: =COUNTIFS(Data!$A$2:$A$765,"=AMCO VEBA",Data!$C$2:$C$765,"="&$A74,Data!$D$2:$D$765,2026) -> 0 | F74: =SUM(B74:E74) -> 11
A75: Medium | B75: =COUNTIFS(Data!$A$2:$A$765,"=AMCO VEBA",Data!$C$2:$C$765,"="&$A75,Data!$D$2:$D$765,2023) -> 21 | C75: =COUNTIFS(Data!$A$2:$A$765,"=AMCO VEBA",Data!$C$2:$C$765,"="&$A75,Data!$D$2:$D$765,2024) -> 10 | D75: =COUNTIFS(Data!$A$2:$A$765,"=AMCO VEBA",Data!$C$2:$C$765,"="&$A75,Data!$D$2:$D$765,2025) -> 5 | E75: =COUNTIFS(Data!$A$2:$A$765,"=AMCO VEBA",Data!$C$2:$C$765,"="&$A75,Data!$D$2:$D$765,2026) -> 0 | F75: =SUM(B75:E75) -> 36
A76: Heavy | B76: =COUNTIFS(Data!$A$2:$A$765,"=AMCO VEBA",Data!$C$2:$C$765,"="&$A76,Data!$D$2:$D$765,2023) -> 1 | C76: =COUNTIFS(Data!$A$2:$A$765,"=AMCO VEBA",Data!$C$2:$C$765,"="&$A76,Data!$D$2:$D$765,2024) -> 3 | D76: =COUNTIFS(Data!$A$2:$A$765,"=AMCO VEBA",Data!$C$2:$C$765,"="&$A76,Data!$D$2:$D$765,2025) -> 7 | E76: =COUNTIFS(Data!$A$2:$A$765,"=AMCO VEBA",Data!$C$2:$C$765,"="&$A76,Data!$D$2:$D$765,2026) -> 1 | F76: =SUM(B76:E76) -> 12
A77: TOTAL | B77: =SUM(B73:B76) -> 29 | C77: =SUM(C73:C76) -> 23 | D77: =SUM(D73:D76) -> 15 | E77: =SUM(E73:E76) -> 1 | F77: =SUM(F73:F76) -> 68
A79: Brand: HIAB
A80: Kategori Max Lifting Moment | B80: 2023 | C80: 2024 | D80: 2025 | E80: 2026 | F80: Total
A81: Light | B81: =COUNTIFS(Data!$A$2:$A$765,"=HIAB",Data!$C$2:$C$765,"="&$A81,Data!$D$2:$D$765,2023) -> 0 | C81: =COUNTIFS(Data!$A$2:$A$765,"=HIAB",Data!$C$2:$C$765,"="&$A81,Data!$D$2:$D$765,2024) -> 0 | D81: =COUNTIFS(Data!$A$2:$A$765,"=HIAB",Data!$C$2:$C$765,"="&$A81,Data!$D$2:$D$765,2025) -> 1 | E81: =COUNTIFS(Data!$A$2:$A$765,"=HIAB",Data!$C$2:$C$765,"="&$A81,Data!$D$2:$D$765,2026) -> 0 | F81: =SUM(B81:E81) -> 1
A82: Small | B82: =COUNTIFS(Data!$A$2:$A$765,"=HIAB",Data!$C$2:$C$765,"="&$A82,Data!$D$2:$D$765,2023) -> 8 | C82: =COUNTIFS(Data!$A$2:$A$765,"=HIAB",Data!$C$2:$C$765,"="&$A82,Data!$D$2:$D$765,2024) -> 2 | D82: =COUNTIFS(Data!$A$2:$A$765,"=HIAB",Data!$C$2:$C$765,"="&$A82,Data!$D$2:$D$765,2025) -> 4 | E82: =COUNTIFS(Data!$A$2:$A$765,"=HIAB",Data!$C$2:$C$765,"="&$A82,Data!$D$2:$D$765,2026) -> 2 | F82: =SUM(B82:E82) -> 16
A83: Medium | B83: =COUNTIFS(Data!$A$2:$A$765,"=HIAB",Data!$C$2:$C$765,"="&$A83,Data!$D$2:$D$765,2023) -> 7 | C83: =COUNTIFS(Data!$A$2:$A$765,"=HIAB",Data!$C$2:$C$765,"="&$A83,Data!$D$2:$D$765,2024) -> 13 | D83: =COUNTIFS(Data!$A$2:$A$765,"=HIAB",Data!$C$2:$C$765,"="&$A83,Data!$D$2:$D$765,2025) -> 5 | E83: =COUNTIFS(Data!$A$2:$A$765,"=HIAB",Data!$C$2:$C$765,"="&$A83,Data!$D$2:$D$765,2026) -> 1 | F83: =SUM(B83:E83) -> 26
A84: Heavy | B84: =COUNTIFS(Data!$A$2:$A$765,"=HIAB",Data!$C$2:$C$765,"="&$A84,Data!$D$2:$D$765,2023) -> 2 | C84: =COUNTIFS(Data!$A$2:$A$765,"=HIAB",Data!$C$2:$C$765,"="&$A84,Data!$D$2:$D$765,2024) -> 0 | D84: =COUNTIFS(Data!$A$2:$A$765,"=HIAB",Data!$C$2:$C$765,"="&$A84,Data!$D$2:$D$765,2025) -> 0 | E84: =COUNTIFS(Data!$A$2:$A$765,"=HIAB",Data!$C$2:$C$765,"="&$A84,Data!$D$2:$D$765,2026) -> 0 | F84: =SUM(B84:E84) -> 2
A85: TOTAL | B85: =SUM(B81:B84) -> 17 | C85: =SUM(C81:C84) -> 15 | D85: =SUM(D81:D84) -> 10 | E85: =SUM(E81:E84) -> 3 | F85: =SUM(F81:F84) -> 45
A87: Brand: TADANO
A88: Kategori Max Lifting Moment | B88: 2023 | C88: 2024 | D88: 2025 | E88: 2026 | F88: Total
A89: Light | B89: =COUNTIFS(Data!$A$2:$A$765,"=TADANO",Data!$C$2:$C$765,"="&$A89,Data!$D$2:$D$765,2023) -> 0 | C89: =COUNTIFS(Data!$A$2:$A$765,"=TADANO",Data!$C$2:$C$765,"="&$A89,Data!$D$2:$D$765,2024) -> 0 | D89: =COUNTIFS(Data!$A$2:$A$765,"=TADANO",Data!$C$2:$C$765,"="&$A89,Data!$D$2:$D$765,2025) -> 2 | E89: =COUNTIFS(Data!$A$2:$A$765,"=TADANO",Data!$C$2:$C$765,"="&$A89,Data!$D$2:$D$765,2026) -> 0 | F89: =SUM(B89:E89) -> 2
A90: Small | B90: =COUNTIFS(Data!$A$2:$A$765,"=TADANO",Data!$C$2:$C$765,"="&$A90,Data!$D$2:$D$765,2023) -> 0 | C90: =COUNTIFS(Data!$A$2:$A$765,"=TADANO",Data!$C$2:$C$765,"="&$A90,Data!$D$2:$D$765,2024) -> 0 | D90: =COUNTIFS(Data!$A$2:$A$765,"=TADANO",Data!$C$2:$C$765,"="&$A90,Data!$D$2:$D$765,2025) -> 11 | E90: =COUNTIFS(Data!$A$2:$A$765,"=TADANO",Data!$C$2:$C$765,"="&$A90,Data!$D$2:$D$765,2026) -> 0 | F90: =SUM(B90:E90) -> 11
A91: Medium | B91: =COUNTIFS(Data!$A$2:$A$765,"=TADANO",Data!$C$2:$C$765,"="&$A91,Data!$D$2:$D$765,2023) -> 0 | C91: =COUNTIFS(Data!$A$2:$A$765,"=TADANO",Data!$C$2:$C$765,"="&$A91,Data!$D$2:$D$765,2024) -> 0 | D91: =COUNTIFS(Data!$A$2:$A$765,"=TADANO",Data!$C$2:$C$765,"="&$A91,Data!$D$2:$D$765,2025) -> 0 | E91: =COUNTIFS(Data!$A$2:$A$765,"=TADANO",Data!$C$2:$C$765,"="&$A91,Data!$D$2:$D$765,2026) -> 0 | F91: =SUM(B91:E91) -> 0
A92: Heavy | B92: =COUNTIFS(Data!$A$2:$A$765,"=TADANO",Data!$C$2:$C$765,"="&$A92,Data!$D$2:$D$765,2023) -> 0 | C92: =COUNTIFS(Data!$A$2:$A$765,"=TADANO",Data!$C$2:$C$765,"="&$A92,Data!$D$2:$D$765,2024) -> 0 | D92: =COUNTIFS(Data!$A$2:$A$765,"=TADANO",Data!$C$2:$C$765,"="&$A92,Data!$D$2:$D$765,2025) -> 0 | E92: =COUNTIFS(Data!$A$2:$A$765,"=TADANO",Data!$C$2:$C$765,"="&$A92,Data!$D$2:$D$765,2026) -> 0 | F92: =SUM(B92:E92) -> 0
A93: TOTAL | B93: =SUM(B89:B92) -> 0 | C93: =SUM(C89:C92) -> 0 | D93: =SUM(D89:D92) -> 13 | E93: =SUM(E89:E92) -> 0 | F93: =SUM(F89:F92) -> 13
A95: Brand: FASSI
A96: Kategori Max Lifting Moment | B96: 2023 | C96: 2024 | D96: 2025 | E96: 2026 | F96: Total
A97: Light | B97: =COUNTIFS(Data!$A$2:$A$765,"=FASSI",Data!$C$2:$C$765,"="&$A97,Data!$D$2:$D$765,2023) -> 3 | C97: =COUNTIFS(Data!$A$2:$A$765,"=FASSI",Data!$C$2:$C$765,"="&$A97,Data!$D$2:$D$765,2024) -> 0 | D97: =COUNTIFS(Data!$A$2:$A$765,"=FASSI",Data!$C$2:$C$765,"="&$A97,Data!$D$2:$D$765,2025) -> 0 | E97: =COUNTIFS(Data!$A$2:$A$765,"=FASSI",Data!$C$2:$C$765,"="&$A97,Data!$D$2:$D$765,2026) -> 0 | F97: =SUM(B97:E97) -> 3
A98: Small | B98: =COUNTIFS(Data!$A$2:$A$765,"=FASSI",Data!$C$2:$C$765,"="&$A98,Data!$D$2:$D$765,2023) -> 5 | C98: =COUNTIFS(Data!$A$2:$A$765,"=FASSI",Data!$C$2:$C$765,"="&$A98,Data!$D$2:$D$765,2024) -> 0 | D98: =COUNTIFS(Data!$A$2:$A$765,"=FASSI",Data!$C$2:$C$765,"="&$A98,Data!$D$2:$D$765,2025) -> 2 | E98: =COUNTIFS(Data!$A$2:$A$765,"=FASSI",Data!$C$2:$C$765,"="&$A98,Data!$D$2:$D$765,2026) -> 0 | F98: =SUM(B98:E98) -> 7
A99: Medium | B99: =COUNTIFS(Data!$A$2:$A$765,"=FASSI",Data!$C$2:$C$765,"="&$A99,Data!$D$2:$D$765,2023) -> 0 | C99: =COUNTIFS(Data!$A$2:$A$765,"=FASSI",Data!$C$2:$C$765,"="&$A99,Data!$D$2:$D$765,2024) -> 0 | D99: =COUNTIFS(Data!$A$2:$A$765,"=FASSI",Data!$C$2:$C$765,"="&$A99,Data!$D$2:$D$765,2025) -> 0 | E99: =COUNTIFS(Data!$A$2:$A$765,"=FASSI",Data!$C$2:$C$765,"="&$A99,Data!$D$2:$D$765,2026) -> 0 | F99: =SUM(B99:E99) -> 0
A100: Heavy | B100: =COUNTIFS(Data!$A$2:$A$765,"=FASSI",Data!$C$2:$C$765,"="&$A100,Data!$D$2:$D$765,2023) -> 0 | C100: =COUNTIFS(Data!$A$2:$A$765,"=FASSI",Data!$C$2:$C$765,"="&$A100,Data!$D$2:$D$765,2024) -> 0 | D100: =COUNTIFS(Data!$A$2:$A$765,"=FASSI",Data!$C$2:$C$765,"="&$A100,Data!$D$2:$D$765,2025) -> 1 | E100: =COUNTIFS(Data!$A$2:$A$765,"=FASSI",Data!$C$2:$C$765,"="&$A100,Data!$D$2:$D$765,2026) -> 0 | F100: =SUM(B100:E100) -> 1
A101: TOTAL | B101: =SUM(B97:B100) -> 8 | C101: =SUM(C97:C100) -> 0 | D101: =SUM(D97:D100) -> 3 | E101: =SUM(E97:E100) -> 0 | F101: =SUM(F97:F100) -> 11
A103: Brand: BOB-LIFT
A104: Kategori Max Lifting Moment | B104: 2023 | C104: 2024 | D104: 2025 | E104: 2026 | F104: Total
A105: Light | B105: =COUNTIFS(Data!$A$2:$A$765,"=BOB-LIFT",Data!$C$2:$C$765,"="&$A105,Data!$D$2:$D$765,2023) -> 0 | C105: =COUNTIFS(Data!$A$2:$A$765,"=BOB-LIFT",Data!$C$2:$C$765,"="&$A105,Data!$D$2:$D$765,2024) -> 0 | D105: =COUNTIFS(Data!$A$2:$A$765,"=BOB-LIFT",Data!$C$2:$C$765,"="&$A105,Data!$D$2:$D$765,2025) -> 2 | E105: =COUNTIFS(Data!$A$2:$A$765,"=BOB-LIFT",Data!$C$2:$C$765,"="&$A105,Data!$D$2:$D$765,2026) -> 0 | F105: =SUM(B105:E105) -> 2
A106: Small | B106: =COUNTIFS(Data!$A$2:$A$765,"=BOB-LIFT",Data!$C$2:$C$765,"="&$A106,Data!$D$2:$D$765,2023) -> 2 | C106: =COUNTIFS(Data!$A$2:$A$765,"=BOB-LIFT",Data!$C$2:$C$765,"="&$A106,Data!$D$2:$D$765,2024) -> 0 | D106: =COUNTIFS(Data!$A$2:$A$765,"=BOB-LIFT",Data!$C$2:$C$765,"="&$A106,Data!$D$2:$D$765,2025) -> 1 | E106: =COUNTIFS(Data!$A$2:$A$765,"=BOB-LIFT",Data!$C$2:$C$765,"="&$A106,Data!$D$2:$D$765,2026) -> 0 | F106: =SUM(B106:E106) -> 3
A107: Medium | B107: =COUNTIFS(Data!$A$2:$A$765,"=BOB-LIFT",Data!$C$2:$C$765,"="&$A107,Data!$D$2:$D$765,2023) -> 0 | C107: =COUNTIFS(Data!$A$2:$A$765,"=BOB-LIFT",Data!$C$2:$C$765,"="&$A107,Data!$D$2:$D$765,2024) -> 0 | D107: =COUNTIFS(Data!$A$2:$A$765,"=BOB-LIFT",Data!$C$2:$C$765,"="&$A107,Data!$D$2:$D$765,2025) -> 0 | E107: =COUNTIFS(Data!$A$2:$A$765,"=BOB-LIFT",Data!$C$2:$C$765,"="&$A107,Data!$D$2:$D$765,2026) -> 0 | F107: =SUM(B107:E107) -> 0
A108: Heavy | B108: =COUNTIFS(Data!$A$2:$A$765,"=BOB-LIFT",Data!$C$2:$C$765,"="&$A108,Data!$D$2:$D$765,2023) -> 0 | C108: =COUNTIFS(Data!$A$2:$A$765,"=BOB-LIFT",Data!$C$2:$C$765,"="&$A108,Data!$D$2:$D$765,2024) -> 0 | D108: =COUNTIFS(Data!$A$2:$A$765,"=BOB-LIFT",Data!$C$2:$C$765,"="&$A108,Data!$D$2:$D$765,2025) -> 0 | E108: =COUNTIFS(Data!$A$2:$A$765,"=BOB-LIFT",Data!$C$2:$C$765,"="&$A108,Data!$D$2:$D$765,2026) -> 0 | F108: =SUM(B108:E108) -> 0
A109: TOTAL | B109: =SUM(B105:B108) -> 2 | C109: =SUM(C105:C108) -> 0 | D109: =SUM(D105:D108) -> 3 | E109: =SUM(E105:E108) -> 0 | F109: =SUM(F105:F108) -> 5
A111: Brand: PM CRANES
A112: Kategori Max Lifting Moment | B112: 2023 | C112: 2024 | D112: 2025 | E112: 2026 | F112: Total
A113: Light | B113: =COUNTIFS(Data!$A$2:$A$765,"=PM CRANES",Data!$C$2:$C$765,"="&$A113,Data!$D$2:$D$765,2023) -> 0 | C113: =COUNTIFS(Data!$A$2:$A$765,"=PM CRANES",Data!$C$2:$C$765,"="&$A113,Data!$D$2:$D$765,2024) -> 0 | D113: =COUNTIFS(Data!$A$2:$A$765,"=PM CRANES",Data!$C$2:$C$765,"="&$A113,Data!$D$2:$D$765,2025) -> 0 | E113: =COUNTIFS(Data!$A$2:$A$765,"=PM CRANES",Data!$C$2:$C$765,"="&$A113,Data!$D$2:$D$765,2026) -> 0 | F113: =SUM(B113:E113) -> 0
A114: Small | B114: =COUNTIFS(Data!$A$2:$A$765,"=PM CRANES",Data!$C$2:$C$765,"="&$A114,Data!$D$2:$D$765,2023) -> 0 | C114: =COUNTIFS(Data!$A$2:$A$765,"=PM CRANES",Data!$C$2:$C$765,"="&$A114,Data!$D$2:$D$765,2024) -> 0 | D114: =COUNTIFS(Data!$A$2:$A$765,"=PM CRANES",Data!$C$2:$C$765,"="&$A114,Data!$D$2:$D$765,2025) -> 0 | E114: =COUNTIFS(Data!$A$2:$A$765,"=PM CRANES",Data!$C$2:$C$765,"="&$A114,Data!$D$2:$D$765,2026) -> 3 | F114: =SUM(B114:E114) -> 3
A115: Medium | B115: =COUNTIFS(Data!$A$2:$A$765,"=PM CRANES",Data!$C$2:$C$765,"="&$A115,Data!$D$2:$D$765,2023) -> 0 | C115: =COUNTIFS(Data!$A$2:$A$765,"=PM CRANES",Data!$C$2:$C$765,"="&$A115,Data!$D$2:$D$765,2024) -> 0 | D115: =COUNTIFS(Data!$A$2:$A$765,"=PM CRANES",Data!$C$2:$C$765,"="&$A115,Data!$D$2:$D$765,2025) -> 0 | E115: =COUNTIFS(Data!$A$2:$A$765,"=PM CRANES",Data!$C$2:$C$765,"="&$A115,Data!$D$2:$D$765,2026) -> 0 | F115: =SUM(B115:E115) -> 0
A116: Heavy | B116: =COUNTIFS(Data!$A$2:$A$765,"=PM CRANES",Data!$C$2:$C$765,"="&$A116,Data!$D$2:$D$765,2023) -> 0 | C116: =COUNTIFS(Data!$A$2:$A$765,"=PM CRANES",Data!$C$2:$C$765,"="&$A116,Data!$D$2:$D$765,2024) -> 0 | D116: =COUNTIFS(Data!$A$2:$A$765,"=PM CRANES",Data!$C$2:$C$765,"="&$A116,Data!$D$2:$D$765,2025) -> 0 | E116: =COUNTIFS(Data!$A$2:$A$765,"=PM CRANES",Data!$C$2:$C$765,"="&$A116,Data!$D$2:$D$765,2026) -> 0 | F116: =SUM(B116:E116) -> 0
...

Sheet 6. GVW Pairing per Model
A1: PAIRING TRUK — GVW REKOMENDASI PER MODEL CRANE (BASIS KURVA F.LLI FERRARI)
A3: Brand | B3: Model | C3: Txn | D3: Max Lifting Moment asli (tm) | E3: Max Lifting Moment dibulatkan (tm) | F3: Kategori Max Lifting Moment | G3: GVW Rekomendasi (ton) | H3: Model Ferrari Acuan | I3: Status Verifikasi
A4: SANY PALFINGER | B4: SANY PALFINGER SPK15500 | C4: =COUNTIFS(Data!$A$2:$A$765,$A4,Data!$B$2:$B$765,$B4) -> 12 | D4: =IF(Data!K82="","",Data!K82) -> 14.6 | E4: =IF(Data!L82="","",Data!L82) -> 15 | F4: =IF(Data!C82="","",Data!C82) -> Small | G4: =IF(Data!N82="","",Data!N82) -> 19 | H4: =IF(Data!O82="","",Data!O82) -> 6238B | I4: =IF(Data!M82="","",Data!M82) -> Terverifikasi — spek resmi
A5: SANY PALFINGER | B5: SANY PALFINGER SPK15500B | C5: =COUNTIFS(Data!$A$2:$A$765,$A5,Data!$B$2:$B$765,$B5) -> 12 | D5: =IF(Data!K93="","",Data!K93) -> 14.6 | E5: =IF(Data!L93="","",Data!L93) -> 15 | F5: =IF(Data!C93="","",Data!C93) -> Small | G5: =IF(Data!N93="","",Data!N93) -> 19 | H5: =IF(Data!O93="","",Data!O93) -> 6238B | I5: =IF(Data!M93="","",Data!M93) -> Terverifikasi — spek resmi
A6: SANY PALFINGER | B6: SANY PALFINGER SPK18500 | C6: =COUNTIFS(Data!$A$2:$A$765,$A6,Data!$B$2:$B$765,$B6) -> 5 | D6: =IF(Data!K99="","",Data!K99) -> 18.5 | E6: =IF(Data!L99="","",Data!L99) -> 19 | F6: =IF(Data!C99="","",Data!C99) -> Small | G6: =IF(Data!N99="","",Data!N99) -> 19 | H6: =IF(Data!O99="","",Data!O99) -> 6238B | I6: =IF(Data!M99="","",Data!M99) -> Terverifikasi — spek resmi
A7: SANY PALFINGER | B7: SANY PALFINGER SPK18500B | C7: =COUNTIFS(Data!$A$2:$A$765,$A7,Data!$B$2:$B$765,$B7) -> 3 | D7: =IF(Data!K454="","",Data!K454) -> 18.5 | E7: =IF(Data!L454="","",Data!L454) -> 19 | F7: =IF(Data!C454="","",Data!C454) -> Small | G7: =IF(Data!N454="","",Data!N454) -> 19 | H7: =IF(Data!O454="","",Data!O454) -> 6238B | I7: =IF(Data!M454="","",Data!M454) -> Terverifikasi — spek resmi
A8: SANY PALFINGER | B8: SANY PALFINGER SPK23500 | C8: =COUNTIFS(Data!$A$2:$A$765,$A8,Data!$B$2:$B$765,$B8) -> 42 | D8: =IF(Data!K103="","",Data!K103) -> 23 | E8: =IF(Data!L103="","",Data!L103) -> 23 | F8: =IF(Data!C103="","",Data!C103) -> Small | G8: =IF(Data!N103="","",Data!N103) -> 19 | H8: =IF(Data!O103="","",Data!O103) -> 9265C | I8: =IF(Data!M103="","",Data!M103) -> Terverifikasi — spek resmi
A9: SANY PALFINGER | B9: SANY PALFINGER SPK23500B | C9: =COUNTIFS(Data!$A$2:$A$765,$A9,Data!$B$2:$B$765,$B9) -> 28 | D9: =IF(Data!K145="","",Data!K145) -> 23 | E9: =IF(Data!L145="","",Data!L145) -> 23 | F9: =IF(Data!C145="","",Data!C145) -> Small | G9: =IF(Data!N145="","",Data!N145) -> 19 | H9: =IF(Data!O145="","",Data!O145) -> 9265C | I9: =IF(Data!M145="","",Data!M145) -> Terverifikasi — spek resmi
A10: SANY PALFINGER | B10: SANY PALFINGER SPK25000C | C10: =COUNTIFS(Data!$A$2:$A$765,$A10,Data!$B$2:$B$765,$B10) -> 1 | D10: =IF(Data!K169="","",Data!K169) -> 25 | E10: =IF(Data!L169="","",Data!L169) -> 25 | F10: =IF(Data!C169="","",Data!C169) -> Small | G10: =IF(Data!N169="","",Data!N169) -> 19 | H10: =IF(Data!O169="","",Data!O169) -> 730 | I10: =IF(Data!M169="","",Data!M169) -> Terverifikasi — spek resmi
A11: SANY PALFINGER | B11: SANY PALFINGER SPK32080 | C11: =COUNTIFS(Data!$A$2:$A$765,$A11,Data!$B$2:$B$765,$B11) -> 16 | D11: =IF(Data!K170="","",Data!K170) -> 30.4 | E11: =IF(Data!L170="","",Data!L170) -> 30 | F11: =IF(Data!C170="","",Data!C170) -> Medium | G11: =IF(Data!N170="","",Data!N170) -> 24 | H11: =IF(Data!O170="","",Data!O170) -> 734 | I11: =IF(Data!M170="","",Data!M170) -> Terverifikasi — spek resmi
A12: SANY PALFINGER | B12: SANY PALFINGER SPK32080B | C12: =COUNTIFS(Data!$A$2:$A$765,$A12,Data!$B$2:$B$765,$B12) -> 11 | D12: =IF(Data!K184="","",Data!K184) -> 30.4 | E12: =IF(Data!L184="","",Data!L184) -> 30 | F12: =IF(Data!C184="","",Data!C184) -> Medium | G12: =IF(Data!N184="","",Data!N184) -> 24 | H12: =IF(Data!O184="","",Data!O184) -> 734 | I12: =IF(Data!M184="","",Data!M184) -> Terverifikasi — spek resmi
A13: SANY PALFINGER | B13: SANY PALFINGER SPK32080C | C13: =COUNTIFS(Data!$A$2:$A$765,$A13,Data!$B$2:$B$765,$B13) -> 6 | D13: =IF(Data!K190="","",Data!K190) -> 30.4 | E13: =IF(Data!L190="","",Data!L190) -> 30 | F13: =IF(Data!C190="","",Data!C190) -> Medium | G13: =IF(Data!N190="","",Data!N190) -> 24 | H13: =IF(Data!O190="","",Data!O190) -> 734 | I13: =IF(Data!M190="","",Data!M190) -> Terverifikasi — spek resmi
A14: SANY PALFINGER | B14: SANY PALFINGER SPK36080 | C14: =COUNTIFS(Data!$A$2:$A$765,$A14,Data!$B$2:$B$765,$B14) -> 23 | D14: =IF(Data!K191="","",Data!K191) -> 36 | E14: =IF(Data!L191="","",Data!L191) -> 36 | F14: =IF(Data!C191="","",Data!C191) -> Medium | G14: =IF(Data!N191="","",Data!N191) -> 26 | H14: =IF(Data!O191="","",Data!O191) -> 9405C/9445C | I14: =IF(Data!M191="","",Data!M191) -> Terverifikasi — spek resmi
A15: SANY PALFINGER | B15: SANY PALFINGER SPK36080C | C15: =COUNTIFS(Data!$A$2:$A$765,$A15,Data!$B$2:$B$765,$B15) -> 11 | D15: =IF(Data!K208="","",Data!K208) -> 36 | E15: =IF(Data!L208="","",Data!L208) -> 36 | F15: =IF(Data!C208="","",Data!C208) -> Medium | G15: =IF(Data!N208="","",Data!N208) -> 26 | H15: =IF(Data!O208="","",Data!O208) -> 9405C/9445C | I15: =IF(Data!M208="","",Data!M208) -> Terverifikasi — spek resmi
A16: SANY PALFINGER | B16: SANY PALFINGER SPK38080 | C16: =COUNTIFS(Data!$A$2:$A$765,$A16,Data!$B$2:$B$765,$B16) -> 3 | D16: =IF(Data!K67="","",Data!K67) -> 38 | E16: =IF(Data!L67="","",Data!L67) -> 38 | F16: =IF(Data!C67="","",Data!C67) -> Medium | G16: =IF(Data!N67="","",Data!N67) -> 26 | H16: =IF(Data!O67="","",Data!O67) -> 746R | I16: =IF(Data!M67="","",Data!M67) -> Terverifikasi — spek resmi
A17: SANY PALFINGER | B17: SANY PALFINGER SPK42502 | C17: =COUNTIFS(Data!$A$2:$A$765,$A17,Data!$B$2:$B$765,$B17) -> 10 | D17: =IF(Data!K70="","",Data!K70) -> 42.5 | E17: =IF(Data!L70="","",Data!L70) -> 43 | F17: =IF(Data!C70="","",Data!C70) -> Medium | G17: =IF(Data!N70="","",Data!N70) -> 26 | H17: =IF(Data!O70="","",Data!O70) -> 746R | I17: =IF(Data!M70="","",Data!M70) -> Terverifikasi — spek resmi
A18: SANY PALFINGER | B18: SANY PALFINGER SPK42502C | C18: =COUNTIFS(Data!$A$2:$A$765,$A18,Data!$B$2:$B$765,$B18) -> 7 | D18: =IF(Data!K79="","",Data!K79) -> 42.5 | E18: =IF(Data!L79="","",Data!L79) -> 43 | F18: =IF(Data!C79="","",Data!C79) -> Medium | G18: =IF(Data!N79="","",Data!N79) -> 26 | H18: =IF(Data!O79="","",Data!O79) -> 746R | I18: =IF(Data!M79="","",Data!M79) -> Terverifikasi — spek resmi
A19: SANY PALFINGER | B19: SANY PALFINGER SPK42502E | C19: =COUNTIFS(Data!$A$2:$A$765,$A19,Data!$B$2:$B$765,$B19) -> 1 | D19: =IF(Data!K457="","",Data!K457) -> 42.5 | E19: =IF(Data!L457="","",Data!L457) -> 43 | F19: =IF(Data!C457="","",Data!C457) -> Medium | G19: =IF(Data!N457="","",Data!N457) -> 26 | H19: =IF(Data!O457="","",Data!O457) -> 746R | I19: =IF(Data!M457="","",Data!M457) -> Terverifikasi — spek resmi
A20: SANY PALFINGER | B20: SANY PALFINGER SPK61502 | C20: =COUNTIFS(Data!$A$2:$A$765,$A20,Data!$B$2:$B$765,$B20) -> 1 | D20: =IF(Data!K312="","",Data!K312) -> 61.5 | E20: =IF(Data!L312="","",Data!L312) -> 62 | F20: =IF(Data!C312="","",Data!C312) -> Heavy | G20: =IF(Data!N312="","",Data!N312) -> 42 | H20: =IF(Data!O312="","",Data!O312) -> 9661C | I20: =IF(Data!M312="","",Data!M312) -> Terverifikasi — spek resmi
A21: SANY PALFINGER | B21: SANY PALFINGER SPK6500 | C21: =COUNTIFS(Data!$A$2:$A$765,$A21,Data!$B$2:$B$765,$B21) -> 18 | D21: =IF(Data!K213="","",Data!K213) -> 6.5 | E21: =IF(Data!L213="","",Data!L213) -> 7 | F21: =IF(Data!C213="","",Data!C213) -> Light | G21: =IF(Data!N213="","",Data!N213) -> 10 | H21: =IF(Data!O213="","",Data!O213) -> 6108B | I21: =IF(Data!M213="","",Data!M213) -> Terverifikasi — spek resmi
A22: SANY PALFINGER | B22: SANY PALFINGER SPK6500A | C22: =COUNTIFS(Data!$A$2:$A$765,$A22,Data!$B$2:$B$765,$B22) -> 1 | D22: =IF(Data!K437="","",Data!K437) -> 6.5 | E22: =IF(Data!L437="","",Data!L437) -> 7 | F22: =IF(Data!C437="","",Data!C437) -> Light | G22: =IF(Data!N437="","",Data!N437) -> 10 | H22: =IF(Data!O437="","",Data!O437) -> 6108B | I22: =IF(Data!M437="","",Data!M437) -> Terverifikasi — spek resmi
A23: SANY PALFINGER | B23: SANY PALFINGER SPK8500 | C23: =COUNTIFS(Data!$A$2:$A$765,$A23,Data!$B$2:$B$765,$B23) -> 48 | D23: =IF(Data!K231="","",Data!K231) -> 8.2 | E23: =IF(Data!L231="","",Data!L231) -> 8 | F23: =IF(Data!C231="","",Data!C231) -> Light | G23: =IF(Data!N231="","",Data!N231) -> 10 | H23: =IF(Data!O231="","",Data!O231) -> 6108B | I23: =IF(Data!M231="","",Data!M231) -> Terverifikasi — spek resmi
A24: SANY PALFINGER | B24: SANY PALFINGER SPK8500A | C24: =COUNTIFS(Data!$A$2:$A$765,$A24,Data!$B$2:$B$765,$B24) -> 42 | D24: =IF(Data!K277="","",Data!K277) -> 8.2 | E24: =IF(Data!L277="","",Data!L277) -> 8 | F24: =IF(Data!C277="","",Data!C277) -> Light | G24: =IF(Data!N277="","",Data!N277) -> 10 | H24: =IF(Data!O277="","",Data!O277) -> 6108B | I24: =IF(Data!M277="","",Data!M277) -> Terverifikasi — spek resmi
A25: SANY PALFINGER | B25: SANY PALFINGER SPK8500B | C25: =COUNTIFS(Data!$A$2:$A$765,$A25,Data!$B$2:$B$765,$B25) -> 1 | D25: =IF(Data!K481="","",Data!K481) -> 8.2 | E25: =IF(Data!L481="","",Data!L481) -> 8 | F25: =IF(Data!C481="","",Data!C481) -> Light | G25: =IF(Data!N481="","",Data!N481) -> 10 | H25: =IF(Data!O481="","",Data!O481) -> 6108B | I25: =IF(Data!M481="","",Data!M481) -> Terverifikasi — spek resmi
A26: PALFINGER | B26: PALFINGER PK 15500 B | C26: =COUNTIFS(Data!$A$2:$A$765,$A26,Data!$B$2:$B$765,$B26) -> 6 | D26: =IF(Data!K655="","",Data!K655) -> 14.6 | E26: =IF(Data!L655="","",Data!L655) -> 15 | F26: =IF(Data!C655="","",Data!C655) -> Small | G26: =IF(Data!N655="","",Data!N655) -> 19 | H26: =IF(Data!O655="","",Data!O655) -> 6238B | I26: =IF(Data!M655="","",Data!M655) -> Terverifikasi — spek resmi
A27: PALFINGER | B27: PALFINGER PK 23500 C | C27: =COUNTIFS(Data!$A$2:$A$765,$A27,Data!$B$2:$B$765,$B27) -> 5 | D27: =IF(Data!K652="","",Data!K652) -> 23 | E27: =IF(Data!L652="","",Data!L652) -> 23 | F27: =IF(Data!C652="","",Data!C652) -> Small | G27: =IF(Data!N652="","",Data!N652) -> 19 | H27: =IF(Data!O652="","",Data!O652) -> 9265C | I27: =IF(Data!M652="","",Data!M652) -> Terverifikasi — spek resmi
A28: PALFINGER | B28: PALFINGER PK 23500 CR3X+RRC | C28: =COUNTIFS(Data!$A$2:$A$765,$A28,Data!$B$2:$B$765,$B28) -> 1 | D28: =IF(Data!K741="","",Data!K741) -> 23 | E28: =IF(Data!L741="","",Data!L741) -> 23 | F28: =IF(Data!C741="","",Data!C741) -> Small | G28: =IF(Data!N741="","",Data!N741) -> 19 | H28: =IF(Data!O741="","",Data!O741) -> 9265C | I28: =IF(Data!M741="","",Data!M741) -> Terverifikasi — spek resmi
A29: PALFINGER | B29: PALFINGER PK 32080 C | C29: =COUNTIFS(Data!$A$2:$A$765,$A29,Data!$B$2:$B$765,$B29) -> 8 | D29: =IF(Data!K666="","",Data!K666) -> 30.4 | E29: =IF(Data!L666="","",Data!L666) -> 30 | F29: =IF(Data!C666="","",Data!C666) -> Medium | G29: =IF(Data!N666="","",Data!N666) -> 24 | H29: =IF(Data!O666="","",Data!O666) -> 734 | I29: =IF(Data!M666="","",Data!M666) -> Terverifikasi — spek resmi
A30: PALFINGER | B30: PALFINGER PK 33002 | C30: =COUNTIFS(Data!$A$2:$A$765,$A30,Data!$B$2:$B$765,$B30) -> 1 | D30: =IF(Data!K64="","",Data!K64) -> 31.1 | E30: =IF(Data!L64="","",Data!L64) -> 31 | F30: =IF(Data!C64="","",Data!C64) -> Medium | G30: =IF(Data!N64="","",Data!N64) -> 24 | H30: =IF(Data!O64="","",Data!O64) -> 738R | I30: =IF(Data!M64="","",Data!M64) -> Terverifikasi — spek resmi
A31: PALFINGER | B31: PALFINGER PK 36050 | C31: =COUNTIFS(Data!$A$2:$A$765,$A31,Data!$B$2:$B$765,$B31) -> 1 | D31: =IF(Data!K62="","",Data!K62) -> 34.5 | E31: =IF(Data!L62="","",Data!L62) -> 35 | F31: =IF(Data!C62="","",Data!C62) -> Medium | G31: =IF(Data!N62="","",Data!N62) -> 26 | H31: =IF(Data!O62="","",Data!O62) -> 9405C/9445C | I31: =IF(Data!M62="","",Data!M62) -> Terverifikasi — spek resmi
A32: PALFINGER | B32: PALFINGER PK 41002 | C32: =COUNTIFS(Data!$A$2:$A$765,$A32,Data!$B$2:$B$765,$B32) -> 1 | D32: =IF(Data!K427="","",Data!K427) -> 38.4 | E32: =IF(Data!L427="","",Data!L427) -> 38 | F32: =IF(Data!C427="","",Data!C427) -> Medium | G32: =IF(Data!N427="","",Data!N427) -> 26 | H32: =IF(Data!O427="","",Data!O427) -> 746R | I32: =IF(Data!M427="","",Data!M427) -> Terverifikasi — spek resmi
A33: PALFINGER | B33: PALFINGER PK 41002 EH C | C33: =COUNTIFS(Data!$A$2:$A$765,$A33,Data!$B$2:$B$765,$B33) -> 12 | D33: =IF(Data!K703="","",Data!K703) -> 38.4 | E33: =IF(Data!L703="","",Data!L703) -> 38 | F33: =IF(Data!C703="","",Data!C703) -> Medium | G33: =IF(Data!N703="","",Data!N703) -> 26 | H33: =IF(Data!O703="","",Data!O703) -> 746R | I33: =IF(Data!M703="","",Data!M703) -> Terverifikasi — spek resmi
A34: PALFINGER | B34: PALFINGER PK 41002 MH C | C34: =COUNTIFS(Data!$A$2:$A$765,$A34,Data!$B$2:$B$765,$B34) -> 8 | D34: =IF(Data!K653="","",Data!K653) -> 38.4 | E34: =IF(Data!L653="","",Data!L653) -> 38 | F34: =IF(Data!C653="","",Data!C653) -> Medium | G34: =IF(Data!N653="","",Data!N653) -> 26 | H34: =IF(Data!O653="","",Data!O653) -> 746R | I34: =IF(Data!M653="","",Data!M653) -> Terverifikasi — spek resmi
A35: PALFINGER | B35: PALFINGER PK 48002 | C35: =COUNTIFS(Data!$A$2:$A$765,$A35,Data!$B$2:$B$765,$B35) -> 1 | D35: =IF(Data!K63="","",Data!K63) -> 46.5 | E35: =IF(Data!L63="","",Data!L63) -> 47 | F35: =IF(Data!C63="","",Data!C63) -> Heavy | G35: =IF(Data!N63="","",Data!N63) -> 42 | H35: =IF(Data!O63="","",Data!O63) -> 9601C | I35: =IF(Data!M63="","",Data!M63) -> Terverifikasi — spek resmi
A36: PALFINGER | B36: PALFINGER PK 5001 SLD 3 A | C36: =COUNTIFS(Data!$A$2:$A$765,$A36,Data!$B$2:$B$765,$B36) -> 3 | D36: =IF(Data!K647="","",Data!K647) -> 4.9 | E36: =IF(Data!L647="","",Data!L647) -> 5 | F36: =IF(Data!C647="","",Data!C647) -> Light | G36: =IF(Data!N647="","",Data!N647) -> 10 | H36: =IF(Data!O647="","",Data!O647) -> 6108B | I36: =IF(Data!M647="","",Data!M647) -> Terverifikasi — spek resmi
A37: PALFINGER | B37: PALFINGER PK 53002 SH B | C37: =COUNTIFS(Data!$A$2:$A$765,$A37,Data!$B$2:$B$765,$B37) -> 38 | D37: =IF(Data!K648="","",Data!K648) -> 50.1 | E37: =IF(Data!L648="","",Data!L648) -> 50 | F37: =IF(Data!C648="","",Data!C648) -> Heavy | G37: =IF(Data!N648="","",Data!N648) -> 42 | H37: =IF(Data!O648="","",Data!O648) -> 9601C | I37: =IF(Data!M648="","",Data!M648) -> Terverifikasi — spek resmi
A38: PALFINGER | B38: PALFINGER PK 53002 SH C | C38: =COUNTIFS(Data!$A$2:$A$765,$A38,Data!$B$2:$B$765,$B38) -> 1 | D38: =IF(Data!K710="","",Data!K710) -> 50.1 | E38: =IF(Data!L710="","",Data!L710) -> 50 | F38: =IF(Data!C710="","",Data!C710) -> Heavy | G38: =IF(Data!N710="","",Data!N710) -> 42 | H38: =IF(Data!O710="","",Data!O710) -> 9601C | I38: =IF(Data!M710="","",Data!M710) -> Terverifikasi — spek resmi
A39: PALFINGER | B39: PALFINGER PK 76002 EH D | C39: =COUNTIFS(Data!$A$2:$A$765,$A39,Data!$B$2:$B$765,$B39) -> 2 | D39: =IF(Data!K682="","",Data!K682) -> 71.6 | E39: =IF(Data!L682="","",Data!L682) -> 72 | F39: =IF(Data!C682="","",Data!C682) -> Heavy | G39: =IF(Data!N682="","",Data!N682) -> 42 | H39: =IF(Data!O682="","",Data!O682) -> 990R | I39: =IF(Data!M682="","",Data!M682) -> Terverifikasi — spek resmi
A40: PALFINGER | B40: PALFINGER PK 8500 | C40: =COUNTIFS(Data!$A$2:$A$765,$A40,Data!$B$2:$B$765,$B40) -> 1 | D40: =IF(Data!K441="","",Data!K441) -> 7.6 | E40: =IF(Data!L441="","",Data!L441) -> 8 | F40: =IF(Data!C441="","",Data!C441) -> Light | G40: =IF(Data!N441="","",Data!N441) -> 10 | H40: =IF(Data!O441="","",Data!O441) -> 6108B | I40: =IF(Data!M441="","",Data!M441) -> Terverifikasi — catatan klasifikasi
A41: PALFINGER | B41: PALFINGER PK 8501 SLD 3 A | C41: =COUNTIFS(Data!$A$2:$A$765,$A41,Data!$B$2:$B$765,$B41) -> 34 | D41: =IF(Data!K650="","",Data!K650) -> 8.2 | E41: =IF(Data!L650="","",Data!L650) -> 8 | F41: =IF(Data!C650="","",Data!C650) -> Light | G41: =IF(Data!N650="","",Data!N650) -> 10 | H41: =IF(Data!O650="","",Data!O650) -> 6108B | I41: =IF(Data!M650="","",Data!M650) -> Terverifikasi — spek resmi
A42: PALFINGER | B42: PALFINGER PK 88002 EH C | C42: =COUNTIFS(Data!$A$2:$A$765,$A42,Data!$B$2:$B$765,$B42) -> 1 | D42: =IF(Data!K712="","",Data!K712) -> 81.6 | E42: =IF(Data!L712="","",Data!L712) -> 82 | F42: =IF(Data!C712="","",Data!C712) -> Heavy | G42: =IF(Data!N712="","",Data!N712) -> 42 | H42: =IF(Data!O712="","",Data!O712) -> 990R | I42: =IF(Data!M712="","",Data!M712) -> Terverifikasi — spek resmi
A43: HYVA | B43: HYVA HA15 | C43: =COUNTIFS(Data!$A$2:$A$765,$A43,Data!$B$2:$B$765,$B43) -> 2 | D43: =IF(Data!K559="","",Data!K559) -> 1 | E43: =IF(Data!L559="","",Data!L559) -> 1 | F43: =IF(Data!C559="","",Data!C559) -> Light | G43: =IF(Data!N559="","",Data!N559) -> 2 | H43: =IF(Data!O559="","",Data!O559) -> 314/315 | I43: =IF(Data!M559="","",Data!M559) -> Terverifikasi — catatan klasifikasi
A44: HYVA | B44: HYVA HA70X | C44: =COUNTIFS(Data!$A$2:$A$765,$A44,Data!$B$2:$B$765,$B44) -> 1 | D44: =IF(Data!K580="","",Data!K580) -> 3 | E44: =IF(Data!L580="","",Data!L580) -> 3 | F44: =IF(Data!C580="","",Data!C580) -> Light | G44: =IF(Data!N580="","",Data!N580) -> 3.5 | H44: =IF(Data!O580="","",Data!O580) -> 350 | I44: =IF(Data!M580="","",Data!M580) -> Terverifikasi — catatan klasifikasi
A45: HYVA | B45: HYVA HA70XE5MB | C45: =COUNTIFS(Data!$A$2:$A$765,$A45,Data!$B$2:$B$765,$B45) -> 1 | D45: =IF(Data!K562="","",Data!K562) -> 2.35 | E45: =IF(Data!L562="","",Data!L562) -> 2 | F45: =IF(Data!C562="","",Data!C562) -> Light | G45: =IF(Data!N562="","",Data!N562) -> 2 | H45: =IF(Data!O562="","",Data!O562) -> 321/322 | I45: =IF(Data!M562="","",Data!M562) -> Terverifikasi — catatan klasifikasi
A46: HYVA | B46: HYVA HB102 | C46: =COUNTIFS(Data!$A$2:$A$765,$A46,Data!$B$2:$B$765,$B46) -> 1 | D46: =IF(Data!K593="","",Data!K593) -> 7 | E46: =IF(Data!L593="","",Data!L593) -> 7 | F46: =IF(Data!C593="","",Data!C593) -> Light | G46: =IF(Data!N593="","",Data!N593) -> 10 | H46: =IF(Data!O593="","",Data!O593) -> 6108B | I46: =IF(Data!M593="","",Data!M593) -> Terverifikasi — spek resmi
A47: HYVA | B47: HYVA HB11 | C47: =COUNTIFS(Data!$A$2:$A$765,$A47,Data!$B$2:$B$765,$B47) -> 5 | D47: =IF(Data!K574="","",Data!K574) -> 1 | E47: =IF(Data!L574="","",Data!L574) -> 1 | F47: =IF(Data!C574="","",Data!C574) -> Light | G47: =IF(Data!N574="","",Data!N574) -> 2 | H47: =IF(Data!O574="","",Data!O574) -> 314/315 | I47: =IF(Data!M574="","",Data!M574) -> Terverifikasi — catatan klasifikasi
A48: HYVA | B48: HYVA HB150 | C48: =COUNTIFS(Data!$A$2:$A$765,$A48,Data!$B$2:$B$765,$B48) -> 1 | D48: =IF(Data!K575="","",Data!K575) -> 6 | E48: =IF(Data!L575="","",Data!L575) -> 6 | F48: =IF(Data!C575="","",Data!C575) -> Light | G48: =IF(Data!N575="","",Data!N575) -> 10 | H48: =IF(Data!O575="","",Data!O575) -> 6108B | I48: =IF(Data!M575="","",Data!M575) -> Terverifikasi — spek resmi
A49: HYVA | B49: HYVA HB152 | C49: =COUNTIFS(Data!$A$2:$A$765,$A49,Data!$B$2:$B$765,$B49) -> 3 | D49: =IF(Data!K601="","",Data!K601) -> 6.5 | E49: =IF(Data!L601="","",Data!L601) -> 7 | F49: =IF(Data!C601="","",Data!C601) -> Light | G49: =IF(Data!N601="","",Data!N601) -> 10 | H49: =IF(Data!O601="","",Data!O601) -> 6108B | I49: =IF(Data!M601="","",Data!M601) -> Terverifikasi — catatan klasifikasi
A50: HYVA | B50: HYVA HB152E3 | C50: =COUNTIFS(Data!$A$2:$A$765,$A50,Data!$B$2:$B$765,$B50) -> 2 | D50: =IF(Data!K566="","",Data!K566) -> 8 | E50: =IF(Data!L566="","",Data!L566) -> 8 | F50: =IF(Data!C566="","",Data!C566) -> Light | G50: =IF(Data!N566="","",Data!N566) -> 10 | H50: =IF(Data!O566="","",Data!O566) -> 6108B | I50: =IF(Data!M566="","",Data!M566) -> Terverifikasi — catatan klasifikasi
A51: HYVA | B51: HYVA HB202 | C51: =COUNTIFS(Data!$A$2:$A$765,$A51,Data!$B$2:$B$765,$B51) -> 2 | D51: =IF(Data!K578="","",Data!K578) -> 20 | E51: =IF(Data!L578="","",Data!L578) -> 20 | F51: =IF(Data!C578="","",Data!C578) -> Small | G51: =IF(Data!N578="","",Data!N578) -> 19 | H51: =IF(Data!O578="","",Data!O578) -> 6248B | I51: =IF(Data!M578="","",Data!M578) -> Terverifikasi — catatan klasifikasi
A52: HYVA | B52: HYVA HB202X | C52: =COUNTIFS(Data!$A$2:$A$765,$A52,Data!$B$2:$B$765,$B52) -> 1 | D52: =IF(Data!K550="","",Data!K550) -> 17 | E52: =IF(Data!L550="","",Data!L550) -> 17 | F52: =IF(Data!C550="","",Data!C550) -> Small | G52: =IF(Data!N550="","",Data!N550) -> 19 | H52: =IF(Data!O550="","",Data!O550) -> 6238B | I52: =IF(Data!M550="","",Data!M550) -> Terverifikasi — catatan klasifikasi
A53: HYVA | B53: HYVA HB230 | C53: =COUNTIFS(Data!$A$2:$A$765,$A53,Data!$B$2:$B$765,$B53) -> 1 | D53: =IF(Data!K577="","",Data!K577) -> 23 | E53: =IF(Data!L577="","",Data!L577) -> 23 | F53: =IF(Data!C577="","",Data!C577) -> Small | G53: =IF(Data!N577="","",Data!N577) -> 19 | H53: =IF(Data!O577="","",Data!O577) -> 9265C | I53: =IF(Data!M577="","",Data!M577) -> Terverifikasi — catatan klasifikasi
A54: HYVA | B54: HYVA HB250 | C54: =COUNTIFS(Data!$A$2:$A$765,$A54,Data!$B$2:$B$765,$B54) -> 14 | D54: =IF(Data!K557="","",Data!K557) -> 25 | E54: =IF(Data!L557="","",Data!L557) -> 25 | F54: =IF(Data!C557="","",Data!C557) -> Small | G54: =IF(Data!N557="","",Data!N557) -> 19 | H54: =IF(Data!O557="","",Data!O557) -> 730 | I54: =IF(Data!M557="","",Data!M557) -> Terverifikasi — spek resmi
A55: HYVA | B55: HYVA HB450RJ | C55: =COUNTIFS(Data!$A$2:$A$765,$A55,Data!$B$2:$B$765,$B55) -> 1 | D55: =IF(Data!K563="","",Data!K563) -> 45 | E55: =IF(Data!L563="","",Data!L563) -> 45 | F55: =IF(Data!C563="","",Data!C563) -> Medium | G55: =IF(Data!N563="","",Data!N563) -> 42 | H55: =IF(Data!O563="","",Data!O563) -> 9601C | I55: =IF(Data!M563="","",Data!M563) -> Terverifikasi — catatan klasifikasi
A56: HYVA | B56: HYVA HB60 | C56: =COUNTIFS(Data!$A$2:$A$765,$A56,Data!$B$2:$B$765,$B56) -> 44 | D56: =IF(Data!K565="","",Data!K565) -> 6 | E56: =IF(Data!L565="","",Data!L565) -> 6 | F56: =IF(Data!C565="","",Data!C565) -> Light | G56: =IF(Data!N565="","",Data!N565) -> 10 | H56: =IF(Data!O565="","",Data!O565) -> 6108B | I56: =IF(Data!M565="","",Data!M565) -> Terverifikasi — spek resmi
A57: HYVA | B57: HYVA HB660R | C57: =COUNTIFS(Data!$A$2:$A$765,$A57,Data!$B$2:$B$765,$B57) -> 2 | D57: =IF(Data!K555="","",Data!K555) -> 60 | E57: =IF(Data!L555="","",Data!L555) -> 60 | F57: =IF(Data!C555="","",Data!C555) -> Heavy | G57: =IF(Data!N555="","",Data!N555) -> 42 | H57: =IF(Data!O555="","",Data!O555) -> 9661C | I57: =IF(Data!M555="","",Data!M555) -> Terverifikasi — catatan klasifikasi
A58: HYVA | B58: HYVA HB80E3 | C58: =COUNTIFS(Data!$A$2:$A$765,$A58,Data!$B$2:$B$765,$B58) -> 2 | D58: =IF(Data!K37="","",Data!K37) -> 8 | E58: =IF(Data!L37="","",Data!L37) -> 8 | F58: =IF(Data!C37="","",Data!C37) -> Light | G58: =IF(Data!N37="","",Data!N37) -> 10 | H58: =IF(Data!O37="","",Data!O37) -> 6108B | I58: =IF(Data!M37="","",Data!M37) -> Terverifikasi — spek resmi
A59: HYVA | B59: HYVA HBR350 | C59: =COUNTIFS(Data!$A$2:$A$765,$A59,Data!$B$2:$B$765,$B59) -> 1 | D59: =IF(Data!K581="","",Data!K581) -> 35 | E59: =IF(Data!L581="","",Data!L581) -> 35 | F59: =IF(Data!C581="","",Data!C581) -> Medium | G59: =IF(Data!N581="","",Data!N581) -> 26 | H59: =IF(Data!O581="","",Data!O581) -> 9405C/9445C | I59: =IF(Data!M581="","",Data!M581) -> Terverifikasi — catatan klasifikasi
A60: HYVA | B60: HYVA HBR450 | C60: =COUNTIFS(Data!$A$2:$A$765,$A60,Data!$B$2:$B$765,$B60) -> 2 | D60: =IF(Data!K548="","",Data!K548) -> 45 | E60: =IF(Data!L548="","",Data!L548) -> 45 | F60: =IF(Data!C548="","",Data!C548) -> Medium | G60: =IF(Data!N548="","",Data!N548) -> 42 | H60: =IF(Data!O548="","",Data!O548) -> 9601C | I60: =IF(Data!M548="","",Data!M548) -> Terverifikasi — catatan klasifikasi
A61: HYVA | B61: HYVA HBR660 | C61: =COUNTIFS(Data!$A$2:$A$765,$A61,Data!$B$2:$B$765,$B61) -> 1 | D61: =IF(Data!K549="","",Data!K549) -> 60 | E61: =IF(Data!L549="","",Data!L549) -> 60 | F61: =IF(Data!C549="","",Data!C549) -> Heavy | G61: =IF(Data!N549="","",Data!N549) -> 42 | H61: =IF(Data!O549="","",Data!O549) -> 9661C | I61: =IF(Data!M549="","",Data!M549) -> Terverifikasi — catatan klasifikasi
A62: HYVA | B62: HYVA HC501X | C62: =COUNTIFS(Data!$A$2:$A$765,$A62,Data!$B$2:$B$765,$B62) -> 4 | D62: =IF(Data!K556="","",Data!K556) -> 50 | E62: =IF(Data!L556="","",Data!L556) -> 50 | F62: =IF(Data!C556="","",Data!C556) -> Heavy | G62: =IF(Data!N556="","",Data!N556) -> 42 | H62: =IF(Data!O556="","",Data!O556) -> 9601C | I62: =IF(Data!M556="","",Data!M556) -> Terverifikasi — catatan klasifikasi
A63: HYVA | B63: HYVA HST12E4 | C63: =COUNTIFS(Data!$A$2:$A$765,$A63,Data!$B$2:$B$765,$B63) -> 2 | D63: =IF(Data!K613="","",Data!K613) -> 12 | E63: =IF(Data!L613="","",Data!L613) -> 12 | F63: =IF(Data!C613="","",Data!C613) -> Small | G63: =IF(Data!N613="","",Data!N613) -> 12 | H63: =IF(Data!O613="","",Data!O613) -> 6148B | I63: =IF(Data!M613="","",Data!M613) -> Terverifikasi — catatan klasifikasi
A64: HYVA | B64: HYVA HST3.2E2 | C64: =COUNTIFS(Data!$A$2:$A$765,$A64,Data!$B$2:$B$765,$B64) -> 3 | D64: =IF(Data!K38="","",Data!K38) -> 3.2 | E64: =IF(Data!L38="","",Data!L38) -> 3 | F64: =IF(Data!C38="","",Data!C38) -> Light | G64: =IF(Data!N38="","",Data!N38) -> 3.5 | H64: =IF(Data!O38="","",Data!O38) -> 350 | I64: =IF(Data!M38="","",Data!M38) -> Terverifikasi — spek resmi
A65: HYVA | B65: HYVA HST3.2E3 | C65: =COUNTIFS(Data!$A$2:$A$765,$A65,Data!$B$2:$B$765,$B65) -> 1 | D65: =IF(Data!K558="","",Data!K558) -> 3.2 | E65: =IF(Data!L558="","",Data!L558) -> 3 | F65: =IF(Data!C558="","",Data!C558) -> Light | G65: =IF(Data!N558="","",Data!N558) -> 3.5 | H65: =IF(Data!O558="","",Data!O558) -> 350 | I65: =IF(Data!M558="","",Data!M558) -> Terverifikasi — spek resmi
A66: HYVA | B66: HYVA HST6.3E3 | C66: =COUNTIFS(Data!$A$2:$A$765,$A66,Data!$B$2:$B$765,$B66) -> 2 | D66: =IF(Data!K39="","",Data!K39) -> 6.3 | E66: =IF(Data!L39="","",Data!L39) -> 6 | F66: =IF(Data!C39="","",Data!C39) -> Light | G66: =IF(Data!N39="","",Data!N39) -> 10 | H66: =IF(Data!O39="","",Data!O39) -> 6108B | I66: =IF(Data!M39="","",Data!M39) -> Terverifikasi — spek resmi
A67: HYVA | B67: HYVA HST8E4 | C67: =COUNTIFS(Data!$A$2:$A$765,$A67,Data!$B$2:$B$765,$B67) -> 2 | D67: =IF(Data!K40="","",Data!K40) -> 8 | E67: =IF(Data!L40="","",Data!L40) -> 8 | F67: =IF(Data!C40="","",Data!C40) -> Light | G67: =IF(Data!N40="","",Data!N40) -> 10 | H67: =IF(Data!O40="","",Data!O40) -> 6108B | I67: =IF(Data!M40="","",Data!M40) -> Terverifikasi — spek resmi
A68: HYVA | B68: HYVA HV27E2 | C68: =COUNTIFS(Data!$A$2:$A$765,$A68,Data!$B$2:$B$765,$B68) -> 1 | D68: =IF(Data!K604="","",Data!K604) -> 2 | E68: =IF(Data!L604="","",Data!L604) -> 2 | F68: =IF(Data!C604="","",Data!C604) -> Light | G68: =IF(Data!N604="","",Data!N604) -> 2 | H68: =IF(Data!O604="","",Data!O604) -> 321/322 | I68: =IF(Data!M604="","",Data!M604) -> Terverifikasi — spek resmi
A69: XCMG | B69: XCMG GSQZ105.3 | C69: =COUNTIFS(Data!$A$2:$A$765,$A69,Data!$B$2:$B$765,$B69) -> 2 | D69: =IF(Data!K324="","",Data!K324) -> 10.5 | E69: =IF(Data!L324="","",Data!L324) -> 11 | F69: =IF(Data!C324="","",Data!C324) -> Small | G69: =IF(Data!N324="","",Data!N324) -> 12 | H69: =IF(Data!O324="","",Data!O324) -> 6148B | I69: =IF(Data!M324="","",Data!M324) -> Terverifikasi — spek resmi
A70: XCMG | B70: XCMG GSQZ105.4 | C70: =COUNTIFS(Data!$A$2:$A$765,$A70,Data!$B$2:$B$765,$B70) -> 4 | D70: =IF(Data!K325="","",Data!K325) -> 10.5 | E70: =IF(Data!L325="","",Data!L325) -> 11 | F70: =IF(Data!C325="","",Data!C325) -> Small | G70: =IF(Data!N325="","",Data!N325) -> 12 | H70: =IF(Data!O325="","",Data!O325) -> 6148B | I70: =IF(Data!M325="","",Data!M325) -> Terverifikasi — spek resmi
A71: XCMG | B71: XCMG GSQZ125 | C71: =COUNTIFS(Data!$A$2:$A$765,$A71,Data!$B$2:$B$765,$B71) -> 1 | D71: =IF(Data!K514="","",Data!K514) -> 12.5 | E71: =IF(Data!L514="","",Data!L514) -> 13 | F71: =IF(Data!C514="","",Data!C514) -> Small | G71: =IF(Data!N514="","",Data!N514) -> 12 | H71: =IF(Data!O514="","",Data!O514) -> 6148B | I71: =IF(Data!M514="","",Data!M514) -> Terverifikasi — spek resmi
A72: XCMG | B72: XCMG GSQZ160.3 | C72: =COUNTIFS(Data!$A$2:$A$765,$A72,Data!$B$2:$B$765,$B72) -> 2 | D72: =IF(Data!K532="","",Data!K532) -> 16 | E72: =IF(Data!L532="","",Data!L532) -> 16 | F72: =IF(Data!C532="","",Data!C532) -> Small | G72: =IF(Data!N532="","",Data!N532) -> 19 | H72: =IF(Data!O532="","",Data!O532) -> 6238B | I72: =IF(Data!M532="","",Data!M532) -> Terverifikasi — spek resmi
A73: XCMG | B73: XCMG GSQZ160.4 | C73: =COUNTIFS(Data!$A$2:$A$765,$A73,Data!$B$2:$B$765,$B73) -> 6 | D73: =IF(Data!K327="","",Data!K327) -> 16 | E73: =IF(Data!L327="","",Data!L327) -> 16 | F73: =IF(Data!C327="","",Data!C327) -> Small | G73: =IF(Data!N327="","",Data!N327) -> 19 | H73: =IF(Data!O327="","",Data!O327) -> 6238B | I73: =IF(Data!M327="","",Data!M327) -> Terverifikasi — spek resmi
A74: XCMG | B74: XCMG GSQZ200.3 | C74: =COUNTIFS(Data!$A$2:$A$765,$A74,Data!$B$2:$B$765,$B74) -> 4 | D74: =IF(Data!K331="","",Data!K331) -> 20 | E74: =IF(Data!L331="","",Data!L331) -> 20 | F74: =IF(Data!C331="","",Data!C331) -> Small | G74: =IF(Data!N331="","",Data!N331) -> 19 | H74: =IF(Data!O331="","",Data!O331) -> 6248B | I74: =IF(Data!M331="","",Data!M331) -> Terverifikasi — spek resmi
A75: XCMG | B75: XCMG GSQZ200.4 | C75: =COUNTIFS(Data!$A$2:$A$765,$A75,Data!$B$2:$B$765,$B75) -> 4 | D75: =IF(Data!K333="","",Data!K333) -> 20 | E75: =IF(Data!L333="","",Data!L333) -> 20 | F75: =IF(Data!C333="","",Data!C333) -> Small | G75: =IF(Data!N333="","",Data!N333) -> 19 | H75: =IF(Data!O333="","",Data!O333) -> 6248B | I75: =IF(Data!M333="","",Data!M333) -> Terverifikasi — spek resmi
A76: XCMG | B76: XCMG GSQZ330.4 | C76: =COUNTIFS(Data!$A$2:$A$765,$A76,Data!$B$2:$B$765,$B76) -> 4 | D76: =IF(Data!K358="","",Data!K358) -> 33 | E76: =IF(Data!L358="","",Data!L358) -> 33 | F76: =IF(Data!C358="","",Data!C358) -> Medium | G76: =IF(Data!N358="","",Data!N358) -> 26 | H76: =IF(Data!O358="","",Data!O358) -> 9405C/9445C | I76: =IF(Data!M358="","",Data!M358) -> Terverifikasi — spek resmi
A77: XCMG | B77: XCMG GSQZ400.4 | C77: =COUNTIFS(Data!$A$2:$A$765,$A77,Data!$B$2:$B$765,$B77) -> 2 | D77: =IF(Data!K360="","",Data!K360) -> 40 | E77: =IF(Data!L360="","",Data!L360) -> 40 | F77: =IF(Data!C360="","",Data!C360) -> Medium | G77: =IF(Data!N360="","",Data!N360) -> 26 | H77: =IF(Data!O360="","",Data!O360) -> 746R | I77: =IF(Data!M360="","",Data!M360) -> Terverifikasi — spek resmi
A78: XCMG | B78: XCMG GSQZ460.4 | C78: =COUNTIFS(Data!$A$2:$A$765,$A78,Data!$B$2:$B$765,$B78) -> 3 | D78: =IF(Data!K522="","",Data!K522) -> 46 | E78: =IF(Data!L522="","",Data!L522) -> 46 | F78: =IF(Data!C522="","",Data!C522) -> Heavy | G78: =IF(Data!N522="","",Data!N522) -> 42 | H78: =IF(Data!O522="","",Data!O522) -> 9601C | I78: =IF(Data!M522="","",Data!M522) -> Terverifikasi — spek resmi
A79: XCMG | B79: XCMG GSQZ860.6 | C79: =COUNTIFS(Data!$A$2:$A$765,$A79,Data!$B$2:$B$765,$B79) -> 2 | D79: =IF(Data!K541="","",Data!K541) -> 86 | E79: =IF(Data!L541="","",Data!L541) -> 86 | F79: =IF(Data!C541="","",Data!C541) -> Heavy | G79: =IF(Data!N541="","",Data!N541) -> 42 | H79: =IF(Data!O541="","",Data!O541) -> 990R | I79: =IF(Data!M541="","",Data!M541) -> Terverifikasi — spek resmi
A80: XCMG | B80: XCMG GSQZ880.6 | C80: =COUNTIFS(Data!$A$2:$A$765,$A80,Data!$B$2:$B$765,$B80) -> 2 | D80: =IF(Data!K362="","",Data!K362) -> 88 | E80: =IF(Data!L362="","",Data!L362) -> 88 | F80: =IF(Data!C362="","",Data!C362) -> Heavy | G80: =IF(Data!N362="","",Data!N362) -> 42 | H80: =IF(Data!O362="","",Data!O362) -> 990R | I80: =IF(Data!M362="","",Data!M362) -> Terverifikasi — spek resmi
A81: XCMG | B81: XCMG KSQZ105.3 | C81: =COUNTIFS(Data!$A$2:$A$765,$A81,Data!$B$2:$B$765,$B81) -> 2 | D81: =IF(Data!K335="","",Data!K335) -> 10.5 | E81: =IF(Data!L335="","",Data!L335) -> 11 | F81: =IF(Data!C335="","",Data!C335) -> Small | G81: =IF(Data!N335="","",Data!N335) -> 12 | H81: =IF(Data!O335="","",Data!O335) -> 6148B | I81: =IF(Data!M335="","",Data!M335) -> Terverifikasi — spek resmi
A82: XCMG | B82: XCMG KSQZ200.3 | C82: =COUNTIFS(Data!$A$2:$A$765,$A82,Data!$B$2:$B$765,$B82) -> 4 | D82: =IF(Data!K337="","",Data!K337) -> 20 | E82: =IF(Data!L337="","",Data!L337) -> 20 | F82: =IF(Data!C337="","",Data!C337) -> Small | G82: =IF(Data!N337="","",Data!N337) -> 19 | H82: =IF(Data!O337="","",Data!O337) -> 6248B | I82: =IF(Data!M337="","",Data!M337) -> Terverifikasi — spek resmi
A83: XCMG | B83: XCMG KSQZ200.4 | C83: =COUNTIFS(Data!$A$2:$A$765,$A83,Data!$B$2:$B$765,$B83) -> 1 | D83: =IF(Data!K340="","",Data!K340) -> 20 | E83: =IF(Data!L340="","",Data!L340) -> 20 | F83: =IF(Data!C340="","",Data!C340) -> Small | G83: =IF(Data!N340="","",Data!N340) -> 19 | H83: =IF(Data!O340="","",Data!O340) -> 6248B | I83: =IF(Data!M340="","",Data!M340) -> Terverifikasi — spek resmi
A84: XCMG | B84: XCMG KSQZ300.3 | C84: =COUNTIFS(Data!$A$2:$A$765,$A84,Data!$B$2:$B$765,$B84) -> 15 | D84: =IF(Data!K313="","",Data!K313) -> 30 | E84: =IF(Data!L313="","",Data!L313) -> 30 | F84: =IF(Data!C313="","",Data!C313) -> Medium | G84: =IF(Data!N313="","",Data!N313) -> 24 | H84: =IF(Data!O313="","",Data!O313) -> 734 | I84: =IF(Data!M313="","",Data!M313) -> Terverifikasi — spek resmi
A85: XCMG | B85: XCMG KSQZ300.4 | C85: =COUNTIFS(Data!$A$2:$A$765,$A85,Data!$B$2:$B$765,$B85) -> 1 | D85: =IF(Data!K322="","",Data!K322) -> 30 | E85: =IF(Data!L322="","",Data!L322) -> 30 | F85: =IF(Data!C322="","",Data!C322) -> Medium | G85: =IF(Data!N322="","",Data!N322) -> 24 | H85: =IF(Data!O322="","",Data!O322) -> 734 | I85: =IF(Data!M322="","",Data!M322) -> Terverifikasi — spek resmi
A86: XCMG | B86: XCMG KSQZ365.4 | C86: =COUNTIFS(Data!$A$2:$A$765,$A86,Data!$B$2:$B$765,$B86) -> 1 | D86: =IF(Data!K341="","",Data!K341) -> 36.5 | E86: =IF(Data!L341="","",Data!L341) -> 37 | F86: =IF(Data!C341="","",Data!C341) -> Medium | G86: =IF(Data!N341="","",Data!N341) -> 26 | H86: =IF(Data!O341="","",Data!O341) -> 9405C/9445C | I86: =IF(Data!M341="","",Data!M341) -> Terverifikasi — spek resmi
A87: XCMG | B87: XCMG KSQZ400.4 | C87: =COUNTIFS(Data!$A$2:$A$765,$A87,Data!$B$2:$B$765,$B87) -> 2 | D87: =IF(Data!K364="","",Data!K364) -> 40 | E87: =IF(Data!L364="","",Data!L364) -> 40 | F87: =IF(Data!C364="","",Data!C364) -> Medium | G87: =IF(Data!N364="","",Data!N364) -> 26 | H87: =IF(Data!O364="","",Data!O364) -> 746R | I87: =IF(Data!M364="","",Data!M364) -> Terverifikasi — spek resmi
A88: XCMG | B88: XCMG KSQZ68.2 | C88: =COUNTIFS(Data!$A$2:$A$765,$A88,Data!$B$2:$B$765,$B88) -> 9 | D88: =IF(Data!K342="","",Data!K342) -> 6.8 | E88: =IF(Data!L342="","",Data!L342) -> 7 | F88: =IF(Data!C342="","",Data!C342) -> Light | G88: =IF(Data!N342="","",Data!N342) -> 10 | H88: =IF(Data!O342="","",Data!O342) -> 6108B | I88: =IF(Data!M342="","",Data!M342) -> Terverifikasi — spek resmi
A89: XCMG | B89: XCMG SQ12ZK3Q | C89: =COUNTIFS(Data!$A$2:$A$765,$A89,Data!$B$2:$B$765,$B89) -> 2 | D89: =IF(Data!K525="","",Data!K525) -> 30 | E89: =IF(Data!L525="","",Data!L525) -> 30 | F89: =IF(Data!C525="","",Data!C525) -> Medium | G89: =IF(Data!N525="","",Data!N525) -> 24 | H89: =IF(Data!O525="","",Data!O525) -> 734 | I89: =IF(Data!M525="","",Data!M525) -> Terverifikasi — spek resmi
A90: XCMG | B90: XCMG SQ3.2ZK2 | C90: =COUNTIFS(Data!$A$2:$A$765,$A90,Data!$B$2:$B$765,$B90) -> 2 | D90: =IF(Data!K356="","",Data!K356) -> 6.7 | E90: =IF(Data!L356="","",Data!L356) -> 7 | F90: =IF(Data!C356="","",Data!C356) -> Light | G90: =IF(Data!N356="","",Data!N356) -> 10 | H90: =IF(Data!O356="","",Data!O356) -> 6108B | I90: =IF(Data!M356="","",Data!M356) -> Terverifikasi — spek resmi
A91: XCMG | B91: XCMG SQ5ZK3Q | C91: =COUNTIFS(Data!$A$2:$A$765,$A91,Data!$B$2:$B$765,$B91) -> 3 | D91: =IF(Data!K323="","",Data!K323) -> 10.5 | E91: =IF(Data!L323="","",Data!L323) -> 11 | F91: =IF(Data!C323="","",Data!C323) -> Small | G91: =IF(Data!N323="","",Data!N323) -> 12 | H91: =IF(Data!O323="","",Data!O323) -> 6148B | I91: =IF(Data!M323="","",Data!M323) -> Terverifikasi — spek resmi
A92: XCMG | B92: XCMG SQ8ZK3Q | C92: =COUNTIFS(Data!$A$2:$A$765,$A92,Data!$B$2:$B$765,$B92) -> 1 | D92: =IF(Data!K527="","",Data!K527) -> 16 | E92: =IF(Data!L527="","",Data!L527) -> 16 | F92: =IF(Data!C527="","",Data!C527) -> Small | G92: =IF(Data!N527="","",Data!N527) -> 19 | H92: =IF(Data!O527="","",Data!O527) -> 6238B | I92: =IF(Data!M527="","",Data!M527) -> Terverifikasi — spek resmi
A93: XCMG | B93: XCMG SQZ185.4 | C93: =COUNTIFS(Data!$A$2:$A$765,$A93,Data!$B$2:$B$765,$B93) -> 2 | D93: =IF(Data!K352="","",Data!K352) -> 18.5 | E93: =IF(Data!L352="","",Data!L352) -> 19 | F93: =IF(Data!C352="","",Data!C352) -> Small | G93: =IF(Data!N352="","",Data!N352) -> 19 | H93: =IF(Data!O352="","",Data!O352) -> 6238B | I93: =IF(Data!M352="","",Data!M352) -> Terverifikasi — spek resmi
A94: XCMG | B94: XCMG SQZ200.4 | C94: =COUNTIFS(Data!$A$2:$A$765,$A94,Data!$B$2:$B$765,$B94) -> 1 | D94: =IF(Data!K353="","",Data!K353) -> 20 | E94: =IF(Data!L353="","",Data!L353) -> 20 | F94: =IF(Data!C353="","",Data!C353) -> Small | G94: =IF(Data!N353="","",Data!N353) -> 19 | H94: =IF(Data!O353="","",Data!O353) -> 6248B | I94: =IF(Data!M353="","",Data!M353) -> Terverifikasi — spek resmi
A95: XCMG | B95: XCMG SQZ325.4 | C95: =COUNTIFS(Data!$A$2:$A$765,$A95,Data!$B$2:$B$765,$B95) -> 3 | D95: =IF(Data!K357="","",Data!K357) -> 32.5 | E95: =IF(Data!L357="","",Data!L357) -> 33 | F95: =IF(Data!C357="","",Data!C357) -> Medium | G95: =IF(Data!N357="","",Data!N357) -> 26 | H95: =IF(Data!O357="","",Data!O357) -> 9405C/9445C | I95: =IF(Data!M357="","",Data!M357) -> Terverifikasi — spek resmi
A96: XCMG | B96: XCMG SQZ365.4 | C96: =COUNTIFS(Data!$A$2:$A$765,$A96,Data!$B$2:$B$765,$B96) -> 2 | D96: =IF(Data!K354="","",Data!K354) -> 36.5 | E96: =IF(Data!L354="","",Data!L354) -> 37 | F96: =IF(Data!C354="","",Data!C354) -> Medium | G96: =IF(Data!N354="","",Data!N354) -> 26 | H96: =IF(Data!O354="","",Data!O354) -> 9405C/9445C | I96: =IF(Data!M354="","",Data!M354) -> Terverifikasi — spek resmi
A97: XCMG | B97: XCMG SQZ400 | C97: =COUNTIFS(Data!$A$2:$A$765,$A97,Data!$B$2:$B$765,$B97) -> 1 | D97: =IF(Data!K365="","",Data!K365) -> 40 | E97: =IF(Data!L365="","",Data!L365) -> 40 | F97: =IF(Data!C365="","",Data!C365) -> Medium | G97: =IF(Data!N365="","",Data!N365) -> 26 | H97: =IF(Data!O365="","",Data!O365) -> 746R | I97: =IF(Data!M365="","",Data!M365) -> Terverifikasi — spek resmi
A98: AMCO VEBA | B98: AMCO VEBA V806N | C98: =COUNTIFS(Data!$A$2:$A$765,$A98,Data!$B$2:$B$765,$B98) -> 8 | D98: =IF(Data!K41="","",Data!K41) -> 6.7 | E98: =IF(Data!L41="","",Data!L41) -> 7 | F98: =IF(Data!C41="","",Data!C41) -> Light | G98: =IF(Data!N41="","",Data!N41) -> 10 | H98: =IF(Data!O41="","",Data!O41) -> 6108B | I98: =IF(Data!M41="","",Data!M41) -> Terverifikasi — spek resmi
A99: AMCO VEBA | B99: AMCO VEBA V808 | C99: =COUNTIFS(Data!$A$2:$A$765,$A99,Data!$B$2:$B$765,$B99) -> 1 | D99: =IF(Data!K42="","",Data!K42) -> 7.9 | E99: =IF(Data!L42="","",Data!L42) -> 8 | F99: =IF(Data!C42="","",Data!C42) -> Light | G99: =IF(Data!N42="","",Data!N42) -> 10 | H99: =IF(Data!O42="","",Data!O42) -> 6108B | I99: =IF(Data!M42="","",Data!M42) -> Terverifikasi — spek resmi
A100: AMCO VEBA | B100: AMCO VEBA V815Q | C100: =COUNTIFS(Data!$A$2:$A$765,$A100,Data!$B$2:$B$765,$B100) -> 1 | D100: =IF(Data!K36="","",Data!K36) -> 14 | E100: =IF(Data!L36="","",Data!L36) -> 14 | F100: =IF(Data!C36="","",Data!C36) -> Small | G100: =IF(Data!N36="","",Data!N36) -> 19 | H100: =IF(Data!O36="","",Data!O36) -> 6238B | I100: =IF(Data!M36="","",Data!M36) -> Terverifikasi — spek resmi
A101: AMCO VEBA | B101: AMCO VEBA V816N | C101: =COUNTIFS(Data!$A$2:$A$765,$A101,Data!$B$2:$B$765,$B101) -> 2 | D101: =IF(Data!K43="","",Data!K43) -> 14.8 | E101: =IF(Data!L43="","",Data!L43) -> 15 | F101: =IF(Data!C43="","",Data!C43) -> Small | G101: =IF(Data!N43="","",Data!N43) -> 19 | H101: =IF(Data!O43="","",Data!O43) -> 6238B | I101: =IF(Data!M43="","",Data!M43) -> Terverifikasi — spek resmi
...

Sheet 7. Raw Data
A1: RAW DATA — 764 TRANSAKSI KNUCKLE BOOM (AUDITED)
A2: Brand | B2: Model | C2: Kategori Max Lifting Moment | D2: Year | E2: Date | F2: Unit Price (USD) | G2: Importer | H2: Description | I2: Rentang Kategori | J2: Source | K2: Max Lifting Moment asli (tm) | L2: Max Lifting Moment dibulatkan (tm) | M2: Status Verifikasi | N2: GVW Rekomendasi (ton) | O2: Model Ferrari Acuan | P2: Basis Pairing (tm)
A3: =IF(Data!A2="","",Data!A2) -> BOB-LIFT | B3: =IF(Data!B2="","",Data!B2) -> BOB-LIFT GKB3.2ZA2 | C3: =IF(Data!C2="","",Data!C2) -> Light | D3: =IF(Data!D2="","",Data!D2) -> 2025 | E3: =IF(Data!E2="","",Data!E2) -> 45864 | F3: =IF(Data!F2="","",Data!F2) -> 7899.59 | G3: =IF(Data!G2="","",Data!G2) -> PT INDOTARA PERSADA | H3: =IF(Data!H2="","",Data!H2) -> KNUCKLE BOOM CRANE GKB3.2ZA2 - 3.2 TON | ... P3: =IF(Data!P2="","",Data!P2) -> 7
A4: =IF(Data!A3="","",Data!A3) -> BOB-LIFT | B4: =IF(Data!B3="","",Data!B3) -> BOB-LIFT GKB5ZA2 | C4: =IF(Data!C3="","",Data!C3) -> Small | D4: =IF(Data!D3="","",Data!D3) -> 2025 | E4: =IF(Data!E3="","",Data!E3) -> 45864 | F4: =IF(Data!F3="","",Data!F3) -> 9630.03 | G4: =IF(Data!G3="","",Data!G3) -> PT INDOTARA PERSADA | H4: =IF(Data!H3="","",Data!H3) -> KNUCKLE BOOM CRANE GKB5ZA2 - 5 TON | ... P4: =IF(Data!P3="","",Data!P3) -> 10
A5: =IF(Data!A4="","",Data!A4) -> BOB-LIFT | B5: =IF(Data!B4="","",Data!B4) -> BOB-LIFT Q5ZA2 | C5: =IF(Data!C4="","",Data!C4) -> Small | D5: =IF(Data!D4="","",Data!D4) -> 2023 | E5: =IF(Data!E4="","",Data!E4) | F5: =IF(Data!F4="","",Data!F4) -> 12350 | G5: =IF(Data!G4="","",Data!G4) -> BUMI MINERAL SULAWESI | H5: =IF(Data!H4="","",Data!H4) -> 5 TON KNUCKLE BOOM CRANE Q5ZA2 | ... P5: =IF(Data!P4="","",Data!P4) -> 11
A6: =IF(Data!A5="","",Data!A5) -> BOB-LIFT | B6: =IF(Data!B5="","",Data!B5) -> BOB-LIFT Q5ZA2 | C6: =IF(Data!C5="","",Data!C5) -> Small | D6: =IF(Data!D5="","",Data!D5) -> 2023 | E6: =IF(Data!E5="","",Data!E5) | F6: =IF(Data!F5="","",Data!F5) -> 13000 | G6: =IF(Data!G5="","",Data!G5) -> PT TRICONVILLE INDONESIA | H6: =IF(Data!H5="","",Data!H5) -> Q5ZA2 5 TONS KNUCKLE BOOM CRANE | ... P6: =IF(Data!P5="","",Data!P5) -> 11
A7: =IF(Data!A6="","",Data!A6) -> BOB-LIFT | B7: =IF(Data!B6="","",Data!B6) -> BOB-LIFT GKB08ZA3T | C7: =IF(Data!C6="","",Data!C6) -> Light | D7: =IF(Data!D6="","",Data!D6) -> 2025 | E7: =IF(Data!E6="","",Data!E6) -> 45864 | F7: =IF(Data!F6="","",Data!F6) -> 2984.26 | G7: =IF(Data!G6="","",Data!G6) -> PT INDOTARA PERSADA | H7: =IF(Data!H6="","",Data!H6) -> KNUCKLE BOOM CRANE GKB08ZA3T 0.8 TON | ... P7: =IF(Data!P6="","",Data!P6) -> 1
A8: =IF(Data!A7="","",Data!A7) -> FASSI | B8: =IF(Data!B7="","",Data!B7) -> FASSI F85B.0.22 | C8: =IF(Data!C7="","",Data!C7) -> Small | D8: =IF(Data!D7="","",Data!D7) -> 2025 | E8: =IF(Data!E7="","",Data!E7) -> 45864 | F8: =IF(Data!F7="","",Data!F7) -> 18850 | G8: =IF(Data!G7="","",Data!G7) -> PT FORESTA TRANSTEK | H8: =IF(Data!H7="","",Data!H7) -> NEW UNIT FASSI F85B.0.22 HYDRAULIC CRANE, SERIAL NO: 0850-2457 | ... P8: =IF(Data!P7="","",Data!P7) -> 9
A9: =IF(Data!A8="","",Data!A8) -> FASSI | B9: =IF(Data!B8="","",Data!B8) -> FASSI F215A.2.24 | C9: =IF(Data!C8="","",Data!C8) -> Small | D9: =IF(Data!D8="","",Data!D8) -> 2025 | E9: =IF(Data!E8="","",Data!E8) -> 45772 | F9: =IF(Data!F8="","",Data!F8) -> 32296.18 | G9: =IF(Data!G8="","",Data!G8) -> PT BUMI MAKMUR TRANSPERKASA | H9: =IF(Data!H8="","",Data!H8) -> NEW FASSI HYDRAULIC CRANE C/W MOUNTING KIT AND PUMP F215A.2.24 | ... P9: =IF(Data!P8="","",Data!P8) -> 20
A10: =IF(Data!A9="","",Data!A9) -> FASSI | B10: =IF(Data!B9="","",Data!B9) -> FASSI F485RA.2.23 | C10: =IF(Data!C9="","",Data!C9) -> Heavy | D10: =IF(Data!D9="","",Data!D9) -> 2025 | E10: =IF(Data!E9="","",Data!E9) -> 45772 | F10: =IF(Data!F9="","",Data!F9) -> 75771.79 | G10: =IF(Data!G9="","",Data!G9) -> PT BUMI MAKMUR TRANSPERKASA | H10: =IF(Data!H9="","",Data!H9) -> NEW FASSI HYDRAULIC CRANE AND ACCESSORIES F485RA.2.23 | ... P10: =IF(Data!P9="","",Data!P9) -> 47
A11: =IF(Data!A10="","",Data!A10) -> FERRARI | B11: =IF(Data!B10="","",Data!B10) -> FERRARI 561 | C11: =IF(Data!C10="","",Data!C10) -> Light | D11: =IF(Data!D10="","",Data!D10) -> 2023 | E11: =IF(Data!E10="","",Data!E10) | F11: =IF(Data!F10="","",Data!F10) -> 14247.7 | G11: =IF(Data!G10="","",Data!G10) -> PT NETWAY INDONESIA | H11: =IF(Data!H10="","",Data!H10) -> F.LLI FERRARI CRANE MODEL F561F A4 NO CE WITH L1 MARINE TREATMENT AND | ... P11: =IF(Data!P10="","",Data!P10) -> 7
A12: =IF(Data!A11="","",Data!A11) -> HIAB | B12: =IF(Data!B11="","",Data!B11) -> HIAB 6000XG | C12: =IF(Data!C11="","",Data!C11) -> Light | D12: =IF(Data!D11="","",Data!D11) -> 2025 | E12: =IF(Data!E11="","",Data!E11) -> 45916 | F12: =IF(Data!F11="","",Data!F11) -> 25352.24 | G12: =IF(Data!G11="","",Data!G11) -> PT MULTICRANE PERKASA | H12: =IF(Data!H11="","",Data!H11) -> HIAB 6000XG KNUCKLE CRANE WITH ACCESSORIES | ... P12: =IF(Data!P11="","",Data!P11) -> 5
A13: =IF(Data!A12="","",Data!A12) -> HIAB | B13: =IF(Data!B12="","",Data!B12) -> HIAB 19000XG | C13: =IF(Data!C12="","",Data!C12) -> Small | D13: =IF(Data!D12="","",Data!D12) -> 2023 | E13: =IF(Data!E12="","",Data!E12) | F13: =IF(Data!F12="","",Data!F12) -> 48707.9 | G13: =IF(Data!G12="","",Data!G12) -> PT WAHANA INTI SELARAS | H13: =IF(Data!H12="","",Data!H12) -> HIAB 19000KG KNUCKLE CRANE BASIC CRANE STATIONARY MOUNTING HYDRAULIC E | ... P13: =IF(Data!P12="","",Data!P12) -> 19
A14: =IF(Data!A13="","",Data!A13) -> HIAB | B14: =IF(Data!B13="","",Data!B13) -> HIAB 19000XG | C14: =IF(Data!C13="","",Data!C13) -> Small | D14: =IF(Data!D13="","",Data!D13) -> 2023 | E14: =IF(Data!E13="","",Data!E13) | F14: =IF(Data!F13="","",Data!F13) -> 55545 | G14: =IF(Data!G13="","",Data!G13) -> PT MULTICRANE PERKASA | H14: =IF(Data!H13="","",Data!H13) -> HIAB 19000KG KNUCKLE CRANE | ... P14: =IF(Data!P13="","",Data!P13) -> 19
... A766: =IF(Data!A765="","",Data!A765) -> PALFINGER | B766: =IF(Data!B765="","",Data!B765) -> PALFINGER PK 53002 SH B | C766: =IF(Data!C765="","",Data!C765) -> Heavy | D766: =IF(Data!D765="","",Data!D765) -> 2025 | E766: =IF(Data!E765="","",Data!E765) -> 45728 | F766: =IF(Data!F765="","",Data!F765) -> 77335.14 | G766: =IF(Data!G765="","",Data!G765) -> PT SANGGAR SARANA BAJA | H766: =IF(Data!H765="","",Data!H765) -> PK 53002 SH B | ... P766: =IF(Data!P765="","",Data!P765) -> 50

Sheet 8. Pivot Source
A1: Brand | B1: Model | C1: Kategori Max Lifting Moment | D1: Rentang Kategori | E1: Year | F1: Quarter | G1: Month | H1: Date | I1: Quantity | J1: Unit Price (USD) | K1: Total Value (USD) | L1: Importer | M1: Max Lifting Moment asli (tm) | N1: Max Lifting Moment dibulatkan (tm) | O1: GVW Rekomendasi (ton) | P1: Status Verifikasi
A2: =IF(Data!A2="","",Data!A2) -> BOB-LIFT | B2: =IF(Data!B2="","",Data!B2) -> BOB-LIFT GKB3.2ZA2 | C2: =IF(Data!C2="","",Data!C2) -> Light | D2: =IF(Data!I2="","",Data!I2) -> ≤ 8 tm | E2: =IF(Data!D2="","",Data!D2) -> 2025 | F2: =IF(Data!E2="","","Q"&ROUNDUP(MONTH(Data!E2)/3,0)) -> Q3 | G2: =IF(Data!E2="","",MONTH(Data!E2)) -> 7 | H2: =IF(Data!E2="","",Data!E2) -> 45864 | I2: 1 | J2: =IF(Data!F2="","",Data!F2) -> 7899.59 | K2: =I2*J2 -> 7899.59 | L2: =IF(Data!G2="","",Data!G2) -> PT INDOTARA PERSADA | M2: =IF(Data!K2="","",Data!K2) -> 6.8 | N2: =IF(Data!L2="","",Data!L2) -> 7 | O2: =IF(Data!N2="","",Data!N2) -> 10 | P2: =IF(Data!M2="","",Data!M2) -> Terverifikasi — spek resmi
A3: =IF(Data!A3="","",Data!A3) -> BOB-LIFT | B3: =IF(Data!B3="","",Data!B3) -> BOB-LIFT GKB5ZA2 | C3: =IF(Data!C3="","",Data!C3) -> Small | D3: =IF(Data!I3="","",Data!I3) -> > 8 – 25 tm | E3: =IF(Data!D3="","",Data!D3) -> 2025 | F3: =IF(Data!E3="","","Q"&ROUNDUP(MONTH(Data!E3)/3,0)) -> Q3 | G3: =IF(Data!E3="","",MONTH(Data!E3)) -> 7 | H3: =IF(Data!E3="","",Data!E3) -> 45864 | I3: 1 | J3: =IF(Data!F3="","",Data!F3) -> 9630.03 | K3: =I3*J3 -> 9630.03 | L3: =IF(Data!G3="","",Data!G3) -> PT INDOTARA PERSADA | M3: =IF(Data!K3="","",Data!K3) -> 10 | N3: =IF(Data!L3="","",Data!L3) -> 10 | O3: =IF(Data!N3="","",Data!N3) -> 12 | P3: =IF(Data!M3="","",Data!M3) -> Terverifikasi — spek resmi
A4: =IF(Data!A4="","",Data!A4) -> BOB-LIFT | B4: =IF(Data!B4="","",Data!B4) -> BOB-LIFT Q5ZA2 | C4: =IF(Data!C4="","",Data!C4) -> Small | D4: =IF(Data!I4="","",Data!I4) -> > 8 – 25 tm | E4: =IF(Data!D4="","",Data!D4) -> 2023 | F4: =IF(Data!E4="","","Q"&ROUNDUP(MONTH(Data!E4)/3,0)) | G4: =IF(Data!E4="","",MONTH(Data!E4)) | H4: =IF(Data!E4="","",Data!E4) | I4: 1 | J4: =IF(Data!F4="","",Data!F4) -> 12350 | K4: =I4*J4 -> 12350 | L4: =IF(Data!G4="","",Data!G4) -> BUMI MINERAL SULAWESI | M4: =IF(Data!K4="","",Data!K4) -> 10.5 | N4: =IF(Data!L4="","",Data!L4) -> 11 | O4: =IF(Data!N4="","",Data!N4) -> 12 | P4: =IF(Data!M4="","",Data!M4) -> Terverifikasi — spek resmi
A5: =IF(Data!A5="","",Data!A5) -> BOB-LIFT | B5: =IF(Data!B5="","",Data!B5) -> BOB-LIFT Q5ZA2 | C5: =IF(Data!C5="","",Data!C5) -> Small | D5: =IF(Data!I5="","",Data!I5) -> > 8 – 25 tm | E5: =IF(Data!D5="","",Data!D5) -> 2023 | F5: =IF(Data!E5="","","Q"&ROUNDUP(MONTH(Data!E5)/3,0)) | G5: =IF(Data!E5="","",MONTH(Data!E5)) | H5: =IF(Data!E5="","",Data!E5) | I5: 1 | J5: =IF(Data!F5="","",Data!F5) -> 13000 | K5: =I5*J5 -> 13000 | L5: =IF(Data!G5="","",Data!G5) -> PT TRICONVILLE INDONESIA | M5: =IF(Data!K5="","",Data!K5) -> 10.5 | N5: =IF(Data!L5="","",Data!L5) -> 11 | O5: =IF(Data!N5="","",Data!N5) -> 12 | P5: =IF(Data!M5="","",Data!M5) -> Terverifikasi — spek resmi
A6: =IF(Data!A6="","",Data!A6) -> BOB-LIFT | B6: =IF(Data!B6="","",Data!B6) -> BOB-LIFT GKB08ZA3T | C6: =IF(Data!C6="","",Data!C6) -> Light | D6: =IF(Data!I6="","",Data!I6) -> ≤ 8 tm | E6: =IF(Data!D6="","",Data!D6) -> 2025 | F6: =IF(Data!E6="","","Q"&ROUNDUP(MONTH(Data!E6)/3,0)) -> Q3 | G6: =IF(Data!E6="","",MONTH(Data!E6)) -> 7 | H6: =IF(Data!E6="","",Data!E6) -> 45864 | I6: 1 | J6: =IF(Data!F6="","",Data!F6) -> 2984.26 | K6: =I6*J6 -> 2984.26 | L6: =IF(Data!G6="","",Data!G6) -> PT INDOTARA PERSADA | M6: =IF(Data!K6="","",Data!K6) -> 1 | N6: =IF(Data!L6="","",Data!L6) -> 1 | O6: =IF(Data!N6="","",Data!N6) -> 2 | P6: =IF(Data!M6="","",Data!M6) -> Terverifikasi — spek resmi
A7: =IF(Data!A7="","",Data!A7) -> FASSI | B7: =IF(Data!B7="","",Data!B7) -> FASSI F85B.0.22 | C7: =IF(Data!C7="","",Data!C7) -> Small | D7: =IF(Data!I7="","",Data!I7) -> > 8 – 25 tm | E7: =IF(Data!D7="","",Data!D7) -> 2025 | F7: =IF(Data!E7="","","Q"&ROUNDUP(MONTH(Data!E7)/3,0)) -> Q3 | G7: =IF(Data!E7="","",MONTH(Data!E7)) -> 7 | H7: =IF(Data!E7="","",Data!E7) -> 45864 | I7: 1 | J7: =IF(Data!F7="","",Data!F7) -> 18850 | K7: =I7*J7 -> 18850 | L7: =IF(Data!G7="","",Data!G7) -> PT FORESTA TRANSTEK | M7: =IF(Data!K7="","",Data!K7) -> 8.56 | N7: =IF(Data!L7="","",Data!L7) -> 9 | O7: =IF(Data!N7="","",Data!N7) -> 10 | P7: =IF(Data!M7="","",Data!M7) -> Terverifikasi — spek resmi
A8: =IF(Data!A8="","",Data!A8) -> FASSI | B8: =IF(Data!B8="","",Data!B8) -> FASSI F215A.2.24 | C8: =IF(Data!C8="","",Data!C8) -> Small | D8: =IF(Data!I8="","",Data!I8) -> > 8 – 25 tm | E8: =IF(Data!D8="","",Data!D8) -> 2025 | F8: =IF(Data!E8="","","Q"&ROUNDUP(MONTH(Data!E8)/3,0)) -> Q2 | G8: =IF(Data!E8="","",MONTH(Data!E8)) -> 4 | H8: =IF(Data!E8="","",Data!E8) -> 45772 | I8: 1 | J8: =IF(Data!F8="","",Data!F8) -> 32296.18 | K8: =I8*J8 -> 32296.18 | L8: =IF(Data!G8="","",Data!G8) -> PT BUMI MAKMUR TRANSPERKASA | M8: =IF(Data!K8="","",Data!K8) -> 20 | N8: =IF(Data!L8="","",Data!L8) -> 20 | O8: =IF(Data!N8="","",Data!N8) -> 19 | P8: =IF(Data!M8="","",Data!M8) -> Terverifikasi — spek resmi
A9: =IF(Data!A9="","",Data!A9) -> FASSI | B9: =IF(Data!B9="","",Data!B9) -> FASSI F485RA.2.23 | C9: =IF(Data!C9="","",Data!C9) -> Heavy | D9: =IF(Data!I9="","",Data!I9) -> > 45 tm | E9: =IF(Data!D9="","",Data!D9) -> 2025 | F9: =IF(Data!E9="","","Q"&ROUNDUP(MONTH(Data!E9)/3,0)) -> Q2 | G9: =IF(Data!E9="","",MONTH(Data!E9)) -> 4 | H9: =IF(Data!E9="","",Data!E9) -> 45772 | I9: 1 | J9: =IF(Data!F9="","",Data!F9) -> 75771.79 | K9: =I9*J9 -> 75771.79 | L9: =IF(Data!G9="","",Data!G9) -> PT BUMI MAKMUR TRANSPERKASA | M9: =IF(Data!K9="","",Data!K9) -> 47 | N9: =IF(Data!L9="","",Data!L9) -> 47 | O9: =IF(Data!N9="","",Data!N9) -> 42 | P9: =IF(Data!M9="","",Data!M9) -> Terverifikasi — spek resmi
A10: =IF(Data!A10="","",Data!A10) -> FERRARI | B10: =IF(Data!B10="","",Data!B10) -> FERRARI 561 | C10: =IF(Data!C10="","",Data!C10) -> Light | D10: =IF(Data!I10="","",Data!I10) -> ≤ 8 tm | E10: =IF(Data!D10="","",Data!D10) -> 2023 | F10: =IF(Data!E10="","","Q"&ROUNDUP(MONTH(Data!E10)/3,0)) | G10: =IF(Data!E10="","",MONTH(Data!E10)) | H10: =IF(Data!E10="","",Data!E10) | I10: 1 | J10: =IF(Data!F10="","",Data!F10) -> 14247.7 | K10: =I10*J10 -> 14247.7 | L10: =IF(Data!G10="","",Data!G10) -> PT NETWAY INDONESIA | M10: =IF(Data!K10="","",Data!K10) -> 7 | N10: =IF(Data!L10="","",Data!L10) -> 7 | O10: =IF(Data!N10="","",Data!N10) -> 10 | P10: =IF(Data!M10="","",Data!M10) -> Terverifikasi — kelas resmi Ferrari (F561)
A11: =IF(Data!A11="","",Data!A11) -> HIAB | B11: =IF(Data!B11="","",Data!B11) -> HIAB 6000XG | C11: =IF(Data!C11="","",Data!C11) -> Light | D11: =IF(Data!I11="","",Data!I11) -> ≤ 8 tm | E11: =IF(Data!D11="","",Data!D11) -> 2025 | F11: =IF(Data!E11="","","Q"&ROUNDUP(MONTH(Data!E11)/3,0)) -> Q3 | G11: =IF(Data!E11="","",MONTH(Data!E11)) -> 9 | H11: =IF(Data!E11="","",Data!E11) -> 45916 | I11: 1 | J11: =IF(Data!F11="","",Data!F11) -> 25352.24 | K11: =I11*J11 -> 25352.24 | L11: =IF(Data!G11="","",Data!G11) -> PT MULTICRANE PERKASA | M11: =IF(Data!K11="","",Data!K11) -> 5 | N11: =IF(Data!L11="","",Data!L11) -> 5 | O11: =IF(Data!N11="","",Data!N11) -> 10 | P11: =IF(Data!M11="","",Data!M11) -> Terverifikasi — spek resmi
A12: =IF(Data!A12="","",Data!A12) -> HIAB | B12: =IF(Data!B12="","",Data!B12) -> HIAB 19000XG | C12: =IF(Data!C12="","",Data!C12) -> Small | D12: =IF(Data!I12="","",Data!I12) -> > 8 – 25 tm | E12: =IF(Data!D12="","",Data!D12) -> 2023 | F12: =IF(Data!E12="","","Q"&ROUNDUP(MONTH(Data!E12)/3,0)) | G12: =IF(Data!E12="","",MONTH(Data!E12)) | H12: =IF(Data!E12="","",Data!E12) | I12: 1 | J12: =IF(Data!F12="","",Data!F12) -> 48707.9 | K12: =I12*J12 -> 48707.9 | L12: =IF(Data!G12="","",Data!G12) -> PT WAHANA INTI SELARAS | M12: =IF(Data!K12="","",Data!K12) -> 19 | N12: =IF(Data!L12="","",Data!L12) -> 19 | O12: =IF(Data!N12="","",Data!N12) -> 19 | P12: =IF(Data!M12="","",Data!M12) -> Terverifikasi — spek resmi
A13: =IF(Data!A13="","",Data!A13) -> HIAB | B13: =IF(Data!B13="","",Data!B13) -> HIAB 19000XG | C13: =IF(Data!C13="","",Data!C13) -> Small | D13: =IF(Data!I13="","",Data!I13) -> > 8 – 25 tm | E13: =IF(Data!D13="","",Data!D13) -> 2023 | F13: =IF(Data!E13="","","Q"&ROUNDUP(MONTH(Data!E13)/3,0)) | G13: =IF(Data!E13="","",MONTH(Data!E13)) | H13: =IF(Data!E13="","",Data!E13) | I13: 1 | J13: =IF(Data!F13="","",Data!F13) -> 55545 | K13: =I13*J13 -> 55545 | L13: =IF(Data!G13="","",Data!G13) -> PT MULTICRANE PERKASA | M13: =IF(Data!K13="","",Data!K13) -> 19 | N13: =IF(Data!L13="","",Data!L13) -> 19 | O13: =IF(Data!N13="","",Data!N13) -> 19 | P13: =IF(Data!M13="","",Data!M13) -> Terverifikasi — spek resmi
... A765: =IF(Data!A765="","",Data!A765) -> PALFINGER | B765: =IF(Data!B765="","",Data!B765) -> PALFINGER PK 53002 SH B | C765: =IF(Data!C765="","",Data!C765) -> Heavy | D765: =IF(Data!I765="","",Data!I765) -> > 45 tm | E765: =IF(Data!D765="","",Data!D765) -> 2025 | F765: =IF(Data!E765="","","Q"&ROUNDUP(MONTH(Data!E765)/3,0)) -> Q1 | G765: =IF(Data!E765="","",MONTH(Data!E765)) -> 3 | H765: =IF(Data!E765="","",Data!E765) -> 45728 | I765: 1 | J765: =IF(Data!F765="","",Data!F765) -> 77335.14 | K765: =I765*J765 -> 77335.14 | L765: =IF(Data!G765="","",Data!G765) -> PT SANGGAR SARANA BAJA | M765: =IF(Data!K765="","",Data!K765) -> 50.1 | N765: =IF(Data!L765="","",Data!L765) -> 50 | O765: =IF(Data!N765="","",Data!N765) -> 42 | P765: =IF(Data!M765="","",Data!M765) -> Terverifikasi — spek resmi

Sheet 9. Update Log
A1: UPDATE LOG — MAX LIFTING MOMENT, PEMBULATAN & PAIRING GVW
A3: RINGKASAN
A4: Keterangan | B4: Jumlah
A5: Baris final di sheet Data | B5: 764
A6: Baris dikeluarkan (lihat sheet 11) | B6: 168
A7: Terverifikasi — spek resmi | B7: 702
A8: Terverifikasi — catatan klasifikasi | B8: 61
A9: Terverifikasi — kelas resmi Ferrari (F561) | B9: 1
A11: METODOLOGI
A12: • Istilah: "Max Lifting Moment" (tm). Kelas disebut "Kategori Max Lifting Moment".
A13: • Angka asli tidak pernah ditimpa. Pembulatan ke bilangan bulat terdekat: desimal < ,5 turun, ≥ ,5 naik.
A14: • Kategori (dari angka dibulatkan): Light 1–6 tm, Small 7–15 tm, Medium 16–45 tm, Heavy >45 tm (15 tm masuk Small, 45 tm masuk Medium). Klasifikasi 7 kelas lama tidak dipakai lagi di seluruh workbook.
A15: • GVW: cari titik kurva Ferrari yang sama atau lebih besar dari angka dibulatkan; GVW tidak boleh turun saat Max Lifting Moment naik.
A16: • Baris tanpa angka Max Lifting Moment: GVW dari batas atas kategorinya (konservatif), ditandai Estimasi.
A17: • Sumber konflik: diambil nilai terbesar (contoh Fassi F65B 6,3 tm dari fassi.com, bukan 3,2).
A18: • Koreksi: baris Ferrari berdeskripsi F561 → diberi nama FERRARI 561, kelas resmi Ferrari 7 tm = kategori Small (sebelumnya salah tercatat sebagai crane Heavy).
A19: • Dihapus: seluruh baris GENERIC (tanpa kode model) di semua brand, karena Max Lifting Moment tidak dapat dibuktikan.
A20: • Dikeluarkan tambahan: Hyva HB10 (agro) dan Hyva HB11FFB (grabber sawit), sesuai aturan scope.
A21: • Verifikasi akhir: 10 model diberi angka resmi (Palfinger PK 33002/36050/48002, HIAB X-CL 16/23, X-CLX 288/328, X-HiPro 558, Fassi F485RA, Bob-Lift Q5ZA2); 5 model dikeluarkan (Amco Veba V907NT, Jonsered 2080SR, Ferrari 078ND A5, Hyva HB60X, Tadano TM-ZE304MH).
A23: CATATAN TERBUKA
... A26: • PK 36050 memakai angka PK 36502 (34,5 mt) sesuai konfirmasi user.

Sheet 10. Kurva GVW Ferrari
A1: KURVA REFERENSI GVW — F.LLI FERRARI (MAX LIFTING MOMENT → GVW TRUK)
A2: Max Lifting Moment (tm) | B2: GVW resmi Ferrari (ton) | C2: GVW dipakai — tidak boleh turun (ton) | D2: Model Ferrari acuan | F2: Kategori Max Lifting Moment | G2: Batas atas kategori (tm)
A3: 0.93 | B3: 2 | C3: =MAX($B$3:B3) -> 2 | D3: 310 | F3: Light | G3: 8
A4: 1.27 | B4: 2 | C4: =MAX($B$3:B4) -> 2 | D4: 314/315 | F4: Small | G4: 25
A5: 1.43 | B5: 2 | C5: =MAX($B$3:B5) -> 2 | D5: 317 | F5: Medium | G5: 45
A6: 2 | B6: 2 | C6: =MAX($B$3:B6) -> 2 | D6: 321/322 | F6: Heavy | G6: 999
A7: 2.39 | B7: 2.5 | C7: =MAX($B$3:B7) -> 2.5 | D7: 326
A8: 2.59 | B8: 3.5 | C8: =MAX($B$3:B8) -> 3.5 | D8: 531
A9: 2.73 | B9: 3.5 | C9: =MAX($B$3:B9) -> 3.5 | D9: 330
A10: 2.75 | B10: 3.5 | C10: =MAX($B$3:B10) -> 3.5 | D10: 329
A11: 2.77 | B11: 3.5 | C11: =MAX($B$3:B11) -> 3.5 | D11: 538
A12: 3.45 | B12: 3.5 | C12: =MAX($B$3:B12) -> 3.5 | D12: 350
A13: 3.98 | B13: 5 | C13: =MAX($B$3:B13) -> 5 | D13: 543
A14: 4.84 | B14: 5 | C14: =MAX($B$3:B14) -> 5 | D14: 553
A15: 9.5 | B15: 10 | C15: =MAX($B$3:B15) -> 10 | D15: 6108B
A16: 13.9 | B16: 12 | C16: =MAX($B$3:B16) -> 12 | D16: 6148B
A17: 19.3 | B17: 19 | C17: =MAX($B$3:B17) -> 19 | D17: 6238B
A18: 20.7 | B18: 19 | C18: =MAX($B$3:B18) -> 19 | D18: 6248B
... A28: 74 | B28: 42 | C28: =MAX($B$3:B28) -> 42 | D28: 990R
A30: Aturan: Max Lifting Moment dibulatkan → cari titik Ferrari yang sama atau lebih besar → pakai GVW-nya. GVW tidak boleh turun saat Max Lifting Moment naik (kolom C).
A31: Baris tanpa angka Max Lifting Moment memakai batas atas kategorinya (kolom G) — konservatif. Di atas 74 tm (990R) dipakai GVW tertinggi yang ada (42 ton).
A32: Gap terlebar kurva: 44,7 → 57,5 tm (tanpa data Ferrari di antaranya). Titik 9265C (24,8 tm → 18 ton) diangkat ke 19 ton oleh aturan tidak-boleh-turun.

Sheet 11. Excluded Rows
A1: BARIS YANG DIKELUARKAN — 168 BARIS
A2: Brand | B2: Model | C2: Year | D2: Date | E2: Unit Price (USD) | F2: Importer | G2: Description | H2: Alasan
A3: PALFINGER | B3: PALFINGER PART BS005-SA-A | C3: 2025 | D3: 2025-10-31 | E3: 6807.59 | F3: PT SANGGAR SARANA BAJA | G3: PART BS005-SA-A | H3: Bukan unit crane (spare part) — dibuang atas instruksi
A4: PALFINGER | B4: PALFINGER PART BS005-SA-A | C4: 2025 | D4: 2025-10-31 | E4: 6807.59 | F4: PT SANGGAR SARANA BAJA | G4: PART BS005-SA-A | H4: Bukan unit crane (spare part) — dibuang atas instruksi
A5: PALFINGER | B5: PALFINGER PART BS005-SA-A | C5: 2025 | D5: 2025-10-31 | E5: 6807.59 | F5: PT SANGGAR SARANA BAJA | G5: PART BS005-SA-A | H5: Bukan unit crane (spare part) — dibuang atas instruksi
A6: HYVA | B6: HYVA HB11FFB | C6: 2025 | D6: 2025-05-21 | E6: 3739.62 | F6: PT TRUBO ENGINEERING | G6: CRANE HB11FFB | H6: Di luar scope: FFB (fresh fruit bunch) grabber sawit — sama dengan aturan Jet Grabber
A7: HYVA | B7: HYVA HB10 | C7: 2023 | D7: 2023-03-10 | E7: 5338.68 | F7: PT HYVA INDONESIA | G7: HB 10 CRANE WITH FLOATING DEVICE C/W HYDRAULICS OUTREACH 2.0M KOND. BAIK/BARU | H7: Di luar scope: agro crane (aturan: Hyva HB10 = agro, maks 200 kg)
A8: HIAB | B8: HIAB JET GRABBER | C8: 2025 | D8: 2025-06-10 | E8: 4983.91 | F8: PT BINA PERTIWI | G8: HIAB JET GRABBER JG5001 STATIONARY MOUNTING 2.8M BOOM MANUAL CONTROL C | H8: Di luar scope: agro/FFB grabber (aturan: Jet Grabber = agro, excluded)
A9: HIAB | B9: HIAB JET GRABBER | C9: 2025 | D9: 2025-08-05 | E9: 5085.34 | F9: PT TRAKTOR NUSANTARA | G9: HIAB JET GRABBER JG5001 STATIONARY MOUNTING 2.8 M BOOM MANUAL CONTROL | H9: Di luar scope: agro/FFB grabber (aturan: Jet Grabber = agro, excluded)
A10: HIAB | B10: HIAB JET GRABBER | C10: 2026 | D10: 2026-04-23 | E10: 5004.46 | F10: PT BINA PERTIWI | G10: HIAB JET GRABBER JG5001 (BASIC CRANE, STATIONARY MOUNTING, 2.8 M BOOM, | H10: Di luar scope: agro/FFB grabber (aturan: Jet Grabber = agro, excluded)
A11: HIAB | B11: HIAB JET GRABBER 5001 | C11: 2023 | E11: 4679.75 | F11: PT WAHANA INTI SELARAS | G11: HIAB JET GRABBER 5001 BASIC CRANE STATIONARY MOUNTING 2.8M BOOM MANUAL | H11: Di luar scope: agro/FFB grabber (aturan: Jet Grabber = agro, excluded)
A12: HIAB | B12: HIAB JET GRABBER 5001 | C12: 2023 | E12: 5643.71 | F12: PT WAHANA INTI SELARAS | G12: HIAB JET GRABBER 5001 BASIC CRANE STATIONARY MOUNTING 2.8M BOOM MANUAL | H12: Di luar scope: agro/FFB grabber (aturan: Jet Grabber = agro, excluded)
A13: HIAB | B13: HIAB JET GRABBER 5001 | C13: 2024 | E13: 4659.88 | F13: PT WAHANA INTI SELARAS | G13: HIAB JET GRABBER 5001 BASIC CRANE STATIONARY MOUNTING 2.8M BOOM MANUAL | H13: Di luar scope: agro/FFB grabber (aturan: Jet Grabber = agro, excluded)
A14: HIAB | B14: HIAB JET GRABBER 7001 | C14: 2023 | E14: 5760.79 | F14: PT WAHANA INTI SELARAS | G14: HIAB JET GRABBER 7001 STATIONARY MOUNTING 3.8M BOOM MANUAL CONTROL COL | H14: Di luar scope: agro/FFB grabber (aturan: Jet Grabber = agro, excluded)
A15: HIAB | B15: HIAB JET GRABBER 7001 | C15: 2024 | E15: 5721.36 | F15: PT WAHANA INTI SELARAS | G15: HIAB JET GRABBER 7001 BASIC CRANE STATIONARY MOUNTING 3.8M BOOM | H15: Di luar scope: agro/FFB grabber (aturan: Jet Grabber = agro, excluded)
A16: HIAB | B16: HIAB JETGRABBER5001 | C16: 2023 | D16: 2023-11-17 | E16: 4703.23 | F16: PT WAHANA INTI SELARAS | G16: HIAB JET GRABBER 5001 BASIC CRANE STATIONARY MOUNTING 2,8M BOOM MANUAL CONTROL COLOR: HIAB | H16: Di luar scope: agro/FFB grabber (aturan: Jet Grabber = agro, excluded)
A17: HIAB | B17: HIAB JETGRABBER5001 | C17: 2023 | D17: 2023-10-06 | E17: 4650.88 | F17: PT WAHANA INTI SELARAS | G17: HIAB JET GRABBER 5001 BASIC CRANE STATIONARY MOUNTING 2.8M BOOM MANUAL CONTROL | H17: Di luar scope: agro/FFB grabber (aturan: Jet Grabber = agro, excluded)
A18: BOB-LIFT | B18: BOB-LIFT GKB1ZA3 | C18: 2025 | D18: 2025-07-26 | E18: 4322.62 | F18: PT INDOTARA PERSADA | G18: KNUCKLE BOOM CRANE GKB1ZA3 1.6 TON | H18: Di luar scope: bukan knuckle boom truck-mounted (instruksi user)
A19: XCMG | B19: XCMG GSQS125 | C19: 2026 | D19: 2026-02-24 | E19: 13024.65 | F19: PT GAYA MAKMUR TRACTORS | G19: XCMG TRUCK MOUNTED CRANE GSQS125TL-4 C/W ACCESSORIES SERIAL NO. SQS125ETL0016L0 | H19: Di luar scope: stiff/telescopic boom (aturan XCMG: SK/SQS/GSQS/KSQS/MSQS excluded)
A20: XCMG | B20: XCMG GSQS125 | C20: 2026 | D20: 2026-02-24 | E20: 13024.65 | F20: PT GAYA MAKMUR TRACTORS | G20: XCMG TRUCK MOUNTED CRANE GSQS125TL-4 C/W ACCESSORIES SERIAL NO. SQS125ETL0017LC | H20: Di luar scope: stiff/telescopic boom (aturan XCMG: SK/SQS/GSQS/KSQS/MSQS excluded)
A21: XCMG | B21: XCMG GSQS200 | C21: 2024 | D21: 2024-09-23 | E21: 20371.3 | F21: PT GAYA MAKMUR TRACTORS | G21: TRUCK MOUNTED CRANE GSQS200-4 C/W ACCESSORIES SERIAL NO.: SQS200E230004 | H21: Di luar scope: stiff/telescopic boom (aturan XCMG: SK/SQS/GSQS/KSQS/MSQS excluded)
A22: XCMG | B22: XCMG GSQS200 | C22: 2024 | D22: 2024-09-23 | E22: 20371.3 | F22: PT GAYA MAKMUR TRACTORS | G22: TRUCK MOUNTED CRANE GSQS200-4 C/W ACCESSORIES SERIAL NO.: SQS200E230007 | H22: Di luar scope: stiff/telescopic boom (aturan XCMG: SK/SQS/GSQS/KSQS/MSQS excluded)
A23: XCMG | B23: XCMG GSQS200 | C23: 2024 | D23: 2024-09-23 | E23: 20371.3 | F23: PT GAYA MAKMUR TRACTORS | G23: TRUCK MOUNTED CRANE GSQS200-4 C/W ACCESSORIES SERIAL NO.: SQS200E230002 | H23: Di luar scope: stiff/telescopic boom (aturan XCMG: SK/SQS/GSQS/KSQS/MSQS excluded)
A24: XCMG | B24: XCMG GSQS200 | C24: 2024 | D24: 2024-09-23 | E24: 20371.3 | F24: PT GAYA MAKMUR TRACTORS | G24: TRUCK MOUNTED CRANE GSQS200-4 C/W ACCESSORIES SERIAL NO.: SQS200E230005 | H24: Di luar scope: stiff/telescopic boom (aturan XCMG: SK/SQS/GSQS/KSQS/MSQS excluded)
A25: XCMG | B25: XCMG GSQS200 | C25: 2024 | D25: 2024-09-23 | E25: 20371.3 | F25: PT GAYA MAKMUR TRACTORS | G25: TRUCK MOUNTED CRANE GSQS200-4 C/W ACCESSORIES SERIAL NO.: SQS200E230003 | H25: Di luar scope: stiff/telescopic boom (aturan XCMG: SK/SQS/GSQS/KSQS/MSQS excluded)
A26: XCMG | B26: XCMG GSQS200 | C26: 2024 | D26: 2024-09-23 | E26: 20371.3 | F26: PT GAYA MAKMUR TRACTORS | G26: TRUCK MOUNTED CRANE GSQS200-4 C/W ACCESSORIES SERIAL NO.: SQS200E230006 | H26: Di luar scope: stiff/telescopic boom (aturan XCMG: SK/SQS/GSQS/KSQS/MSQS excluded)
A27: XCMG | B27: XCMG GSQS300 | C27: 2023 | D27: 2023-09-29 | E27: 26482.2 | F27: PT GAYA MAKMUR TRACTORS | G27: NEW XCMG GSQS300-4 TRUCK MOUNTED CRANE C/W ACCESSORIES BAIK DAN BARU | H27: Di luar scope: stiff/telescopic boom (aturan XCMG: SK/SQS/GSQS/KSQS/MSQS excluded)
... A103: BOB-LIFT | B103: BOB-LIFT (GENERIC) | C103: 2025 | D103: 2025-06-13 | E103: 28600 | F103: PT TALENTA GELORA SERAFIM | G103: 12 TON CAPACITY KNUCKLE BOOM CRANE 1000KG@14.5M WITH DOUBLE CHAMBER RE | H103: Dihapus: model GENERIC tanpa kode model — Max Lifting Moment tidak dapat dibuktikan (berpotensi dispute)
A104: BOB-LIFT | B104: BOB-LIFT (GENERIC) | C104: 2023 | E104: 8716.23 | F104: PT GARIS HARMONI | G104: 3.2 TON HYDRAULIC KNUCKLE BOOM TRUCK MOUNTED CRANE WITH 680KG @7.7M BA | H104: Dihapus: model GENERIC tanpa kode model — Max Lifting Moment tidak dapat dibuktikan (berpotensi dispute)
A105: BOB-LIFT | B105: BOB-LIFT (GENERIC) | C105: 2023 | E105: 11470 | F105: PT NUSATAMA BERKAH TBK | G105: 5 TON TELESCOPIC BOOM TRUCK MOUNTED CRANE | H105: Dihapus: model GENERIC tanpa kode model — Max Lifting Moment tidak dapat dibuktikan (berpotensi dispute)
A106: BOB-LIFT | B106: BOB-LIFT (GENERIC) | C106: 2025 | D106: 2025-02-03 | E106: 21800 | F106: PT GRACE SOLUTION | G106: 10 TON KNUCKLE BOOM TRUCK MOUNTED CRANE | H106: Dihapus: model GENERIC tanpa kode model — Max Lifting Moment tidak dapat dibuktikan (berpotensi dispute)
A107: BOB-LIFT | B107: BOB-LIFT (GENERIC) | C107: 2025 | D107: 2025-11-21 | E107: 8280 | F107: PT BESTTOFLOW SYSTEM | G107: 3.2 TON KNUCKLE BOOM TRUCK CRANE | H107: Dihapus: model GENERIC tanpa kode model — Max Lifting Moment tidak dapat dibuktikan (berpotensi dispute)
A108: BOB-LIFT | B108: BOB-LIFT (GENERIC) | C108: 2025 | D108: 2025-04-24 | E108: 18350 | F108: PT ASTAJAYA NIRWIGHNATA | G108: MOBIL CRANE CC85 (BRAND NEW) 2.3 TON FORKLIFT CRANE,LIFTING,300KG WITH | H108: Dihapus: model GENERIC tanpa kode model — Max Lifting Moment tidak dapat dibuktikan (berpotensi dispute)
A109: BOB-LIFT | B109: BOB-LIFT (GENERIC) | C109: 2026 | D109: 2026-01-28 | E109: 7020.68 | F109: PT CIPTA KARYA SUKSES PRATAMA | G109: 2 TON KNUCKLE BOOM CRANE | H109: Dihapus: model GENERIC tanpa kode model — Max Lifting Moment tidak dapat dibuktikan (berpotensi dispute)
A110: EPSILON | B110: EPSILON (GENERIC) | C110: 2023 | E110: 46217.4 | F110: PT FORESTA TRANSTEK | G110: EPSILON CRANE MODEL S210LD128 COMPLETED WITH RELATED PARTS AND ACCESSO | H110: Dihapus: model GENERIC tanpa kode model — Max Lifting Moment tidak dapat dibuktikan (berpotensi dispute)
A111: EPSILON | B111: EPSILON (GENERIC) | C111: 2023 | E111: 46217.4 | F111: PT FORESTA TRANSTEK | G111: EPSILON CRANE MODEL S210LD128 COMPLETED WITH RELATED PARTS AND ACCESSO | H111: Dihapus: model GENERIC tanpa kode model — Max Lifting Moment tidak dapat dibuktikan (berpotensi dispute)
A112: EPSILON | B112: EPSILON (GENERIC) | C112: 2023 | E112: 43048 | F112: PT FORESTA TRANSTEK | G112: EPSILON CRANE MODEL S210LD128, COMPLETED WITH RELATED PARTS AND ACCESO | H112: Dihapus: model GENERIC tanpa kode model — Max Lifting Moment tidak dapat dibuktikan (berpotensi dispute)
A113: EPSILON | B113: EPSILON (GENERIC) | C113: 2023 | E113: 43048 | F113: PT FORESTA TRANSTEK | G113: EPSILON CRANE MODEL S210LD128, COMPLETED WITH RELATED PART AND ACCESSO | H113: Dihapus: model GENERIC tanpa kode model — Max Lifting Moment tidak dapat dibuktikan (berpotensi dispute)
A114: FASSI | B114: FASSI (GENERIC) | C114: 2026 | D114: 2026-05-13 | E114: 13000 | F114: PT BUMI MAKMUR TRANSPERKASA | G114: XR314-FASSI TRUCK MOUNTED CRANE | H114: Dihapus: model GENERIC tanpa kode model — Max Lifting Moment tidak dapat dibuktikan (berpotensi dispute)
A115: FASSI | B115: FASSI (GENERIC) | C115: 2026 | D115: 2026-05-13 | E115: 18000 | F115: PT BUMI MAKMUR TRANSPERKASA | G115: XR515-FASSI TRUCK MOUNTED CRANE | H115: Dihapus: model GENERIC tanpa kode model — Max Lifting Moment tidak dapat dibuktikan (berpotensi dispute)
A116: FASSI | B116: FASSI (GENERIC) | C116: 2026 | D116: 2026-05-13 | E116: 6943 | F116: PT BUMI MAKMUR TRANSPERKASA | G116: M20A.13-FASSI TRUCK MOUNTED CRANE | H116: Dihapus: model GENERIC tanpa kode model — Max Lifting Moment tidak dapat dibuktikan (berpotensi dispute)
A117: FASSI | B117: FASSI (GENERIC) | C117: 2023 | D117: 2023-08-29 | E117: 46301.9 | F117: PT FORESTA TRANSTEK | G117: NEW FASSI HYDRAULIC CRANE C/W STANDARD MOUNTING KIT AND PUMP ONLY BAIK DAN BARU | H117: Dihapus: model GENERIC tanpa kode model — Max Lifting Moment tidak dapat dibuktikan (berpotensi dispute)
A118: GERCO | B118: GERCO (GENERIC) | C118: 2023 | E118: 7586.63 | F118: PT INDOTARA PERSADA | G118: GERCO TRUCK MOUNTED CRANE TELESCOPIC BOOM - GKB5.2A2XL-5 TON | H118: Dihapus: model GENERIC tanpa kode model — Max Lifting Moment tidak dapat dibuktikan (berpotensi dispute)
A119: GERCO | B119: GERCO (GENERIC) | C119: 2023 | E119: 12838.7 | F119: PT INDOTARA PERSADA | G119: GERCO TRUCK MOUNTED CRANE TELESCOPIC BOOM - GKB3.2ZA2XL-3.2 TON | H119: Dihapus: model GENERIC tanpa kode model — Max Lifting Moment tidak dapat dibuktikan (berpotensi dispute)
A120: HIAB | B120: HIAB (GENERIC) | C120: 2023 | E120: 2000 | F120: PUTRA BANGSINGJA PERKASA | G120: USED CRANE DESIGNED FOR MOUNTING ON ROAD VEHICLE AND PARTS : HIAB - HI | H120: Dihapus: model GENERIC tanpa kode model — Max Lifting Moment tidak dapat dibuktikan (berpotensi dispute)
A121: HIAB | B121: HIAB (GENERIC) | C121: 2025 | D121: 2025-01-13 | E121: 465209.91 | F121: BUDI JAYA GEMILANG | G121: EFFER / HIAB 175000 CRANE AND ACCESSORIESSERIAL NO: ME0M17500004 | H121: Dihapus: model GENERIC tanpa kode model — Max Lifting Moment tidak dapat dibuktikan (berpotensi dispute)
A122: HIAB | B122: HIAB X-CL (GENERIC) | C122: 2023 | E122: 13926.4 | F122: PT MULTICRANE PERKASA | G122: HIAB X-CL B B -2 (WITH PUMP SAP 025 L) | H122: Dihapus: model GENERIC tanpa kode model — Max Lifting Moment tidak dapat dibuktikan (berpotensi dispute)
A123: HIAB | B123: HIAB X-CL (GENERIC) | C123: 2023 | E123: 13926.5 | F123: PT MULTICRANE PERKASA | G123: HIAB X-CL B B -2 (WITH PUMP SAP 025 L) | H123: Dihapus: model GENERIC tanpa kode model — Max Lifting Moment tidak dapat dibuktikan (berpotensi dispute)
A124: HYVA | B124: HYVA HB (GENERIC) | C124: 2025 | D124: 2025-12-30 | E124: 10572.67 | F124: PT HYVA INDONESIA | G124: HB 60E2 (NO CE)(4.60M)C/W, P/N: GHB 60E2, S/N: CHCA09G00414 | H124: Dihapus: model GENERIC tanpa kode model — Max Lifting Moment tidak dapat dibuktikan (berpotensi dispute)
A125: HYVA | B125: HYVA HB (GENERIC) | C125: 2025 | D125: 2025-06-26 | E125: 7377.36 | F125: PT HYVA INDONESIA | G125: KBC01926C HB60E2 | H125: Dihapus: model GENERIC tanpa kode model — Max Lifting Moment tidak dapat dibuktikan (berpotensi dispute)
A126: HYVA | B126: HYVA HB (GENERIC) | C126: 2025 | D126: 2025-02-06 | E126: 7057.15 | F126: PT HYVA INDONESIA | G126: KBC01926 HB60E2 | H126: Dihapus: model GENERIC tanpa kode model — Max Lifting Moment tidak dapat dibuktikan (berpotensi dispute)
A127: HYVA | B127: HYVA HB (GENERIC) | C127: 2023 | D127: 2023-05-10 | E127: 30603.2 | F127: PT HYVA INDONESIA | G127: HB250E3 HYVA CRANE (NO CE) C/W KOND. BAIK/BARU | H127: Dihapus: model GENERIC tanpa kode model — Max Lifting Moment tidak dapat dibuktikan (berpotensi dispute)
A128: HYVA | B128: HYVA HB (GENERIC) | C128: 2023 | D128: 2023-08-01 | E128: 3626.39 | F128: PT HYVA INDONESIA | G128: KBCJ0046 HB250E3 KOND. BAIK/BARU | H128: Dihapus: model GENERIC tanpa kode model — Max Lifting Moment tidak dapat dibuktikan (berpotensi dispute)
A129: HYVA | B129: HYVA HB (GENERIC) | C129: 2023 | D129: 2023-08-01 | E129: 3626.39 | F129: PT HYVA INDONESIA | G129: H8300314 HB250E3 NO-CE KOND. BAIK/BARU | H129: Dihapus: model GENERIC tanpa kode model — Max Lifting Moment tidak dapat dibuktikan (berpotensi dispute)
A130: HYVA | B130: HYVA HB (GENERIC) | C130: 2023 | D130: 2023-08-31 | E130: 9727.36 | F130: PT HYVA INDONESIA | G130: CRANE | H130: Dihapus: model GENERIC tanpa kode model — Max Lifting Moment tidak dapat dibuktikan (berpotensi dispute)
A131: PM CRANES | B131: PM CRANES (GENERIC) | C131: 2023 | E131: 58512.98 | F131: PT AMNOR SHIPYARD | G131: PM24023PX CRANE & ACCESSORIES | H131: Dihapus: model GENERIC tanpa kode model — Max Lifting Moment tidak dapat dibuktikan (berpotensi dispute)
A132: PM CRANES | B132: PM CRANES (GENERIC) | C132: 2025 | D132: 2025-02-20 | E132: 50776.22 | F132: PT BATAM TEKNOLOGI GAS | G132: PM24023PX CRANE & ACCESSORIES | H132: Dihapus: model GENERIC tanpa kode model — Max Lifting Moment tidak dapat dibuktikan (berpotensi dispute)
A133: PM CRANES | B133: PM CRANES (GENERIC) | C133: 2025 | D133: 2025-06-01 | E133: 44899.44 | F133: PT FORESTA TRANSTEK | G133: GRU PM 32524 S PX SERIAL NO. G14503782506 | H133: Dihapus: model GENERIC tanpa kode model — Max Lifting Moment tidak dapat dibuktikan (berpotensi dispute)
A134: PM CRANES | B134: PM CRANES (GENERIC) | C134: 2025 | D134: 2025-06-01 | E134: 44899.44 | F134: PT FORESTA TRANSTEK | G134: GRU PM 32524 S PX SERIAL NO. G14503752506 | H134: Dihapus: model GENERIC tanpa kode model — Max Lifting Moment tidak dapat dibuktikan (berpotensi dispute)
A135: PM CRANES | B135: PM CRANES (GENERIC) | C135: 2025 | D135: 2025-06-01 | E135: 44899.44 | F135: PT FORESTA TRANSTEK | G135: GRU PM 32524 S PX SERIAL NO:G14503792506 | H135: Dihapus: model GENERIC tanpa kode model — Max Lifting Moment tidak dapat dibuktikan (berpotensi dispute)
A136: PM CRANES | B136: PM CRANES (GENERIC) | C136: 2025 | D136: 2025-06-06 | E136: 44899.44 | F136: PT FORESTA TRANSTEK | G136: GRU PM 32524 S PXSERIAL NO. G14503782506 | H136: Dihapus: model GENERIC tanpa kode model — Max Lifting Moment tidak dapat dibuktikan (berpotensi dispute)
A137: PM CRANES | B137: PM CRANES (GENERIC) | C137: 2025 | D137: 2025-06-06 | E137: 44899.44 | F137: PT FORESTA TRANSTEK | G137: GRU PM 32524 S PXSERIAL NO:G14503792506 | H137: Dihapus: model GENERIC tanpa kode model — Max Lifting Moment tidak dapat dibuktikan (berpotensi dispute)
A138: SANY PALFINGER | B138: SANY PALFINGER (GENERIC) | C138: 2023 | E138: 30395.45 | F138: PT BINA SARANA SUKSES | G138: BOOM CRANE SPK 23500B WITH OIL COOLER | H138: Dihapus: model GENERIC tanpa kode model — Max Lifting Moment tidak dapat dibuktikan (berpotensi dispute)
A139: XCMG | B139: XCMG (GENERIC) | C139: 2025 | D139: 2025-02-10 | E139: 23345.3 | F139: PT ANUGRAH MESINDO PRIMA | G139: XCMG MOUNTED KNUCKLE CRANES,MODEL:SQZ300B,WITH ACCESSORIES | H139: Dihapus: model GENERIC tanpa kode model — Max Lifting Moment tidak dapat dibuktikan (berpotensi dispute)
A140: XCMG | B140: XCMG (GENERIC) | C140: 2025 | D140: 2025-07-22 | E140: 22205.97 | F140: CV BRILLANTE INDONESIA | G140: CRANE SQZ350A.4+MONITOR+DOUBLE CHAMBER REAR LEG | H140: Dihapus: model GENERIC tanpa kode model — Max Lifting Moment tidak dapat dibuktikan (berpotensi dispute)
A141: XCMG | B141: XCMG (GENERIC) | C141: 2023 | E141: 8217.26 | F141: PT SACINDO MESIN INDONESIA | G141: TRUCK MOUNTED CRANE GSQZ68TL-4 C/W ACCESSORIES | H141: Dihapus: model GENERIC tanpa kode model — Max Lifting Moment tidak dapat dibuktikan (berpotensi dispute)
A142: XCMG | B142: XCMG (GENERIC) | C142: 2024 | E142: 8217.26 | F142: PT SACINDO MESIN INDONESIA | G142: TRUCK MOUNTED CRANE GSQZ68TL-4 C/W ACCESSORIES | H142: Dihapus: model GENERIC tanpa kode model — Max Lifting Moment tidak dapat dibuktikan (berpotensi dispute)
A143: XCMG | B143: XCMG (GENERIC) | C143: 2025 | D143: 2025-07-22 | E143: 7355.73 | F143: CV BRILLANTE INDONESIA | G143: CRANE SQZ68B.3 | H143: Dihapus: model GENERIC tanpa kode model — Max Lifting Moment tidak dapat dibuktikan (berpotensi dispute)
A144: XCMG | B144: XCMG (GENERIC) | C144: 2025 | D144: 2025-07-22 | E144: 18736.29 | F144: CV BRILLANTE INDONESIA | G144: CRANE SQZ200A.3+MONITOR | H144: Dihapus: model GENERIC tanpa kode model — Max Lifting Moment tidak dapat dibuktikan (berpotensi dispute)
A145: XCMG | B145: XCMG (GENERIC) | C145: 2025 | D145: 2025-12-16 | E145: 19101.12 | F145: CV MITRAGONDOLA KREASIPRIMA | G145: CRANE SQZ132A.3J2 | H145: Dihapus: model GENERIC tanpa kode model — Max Lifting Moment tidak dapat dibuktikan (berpotensi dispute)
A146: XCMG | B146: XCMG (GENERIC) | C146: 2025 | D146: 2025-07-22 | E146: 34419.26 | F146: CV BRILLANTE INDONESIA | G146: CRANE SQZ500A.5+MONITOR+DOUBLE CHAMBER REAR LEG | H146: Dihapus: model GENERIC tanpa kode model — Max Lifting Moment tidak dapat dibuktikan (berpotensi dispute)
A147: AMCO VEBA | B147: AMCO VEBA V907NT | C147: 2023 | E147: 23426.8 | F147: PT TRUBO ENGINEERING | G147: GRU V907NT AERO 5S ST SC RDC (LC) 12V COMPLETE WITH KIT RADIOC.5-7F.12 | H147: Dikeluarkan: bukan knuckle boom crane (konfirmasi user)
A148: AMCO VEBA | B148: AMCO VEBA V907NT | C148: 2025 | D148: 2025-04-15 | E148: 22946.95 | F148: PT TRUBO ENGINEERING | G148: CRANE V907NT AERO 5S ST SC RDC (LC) 12V | H148: Dikeluarkan: bukan knuckle boom crane (konfirmasi user)
A149: AMCO VEBA | B149: AMCO VEBA V907NT | C149: 2023 | D149: 2023-04-28 | E149: 23426.8 | F149: PT TRUBO ENGINEERING | G149: GRU V907NT AERO 5S ST SC RDC (LC) 12V MOUNT... | H149: Dikeluarkan: bukan knuckle boom crane (konfirmasi user)
A150: AMCO VEBA | B150: AMCO VEBA V907NT | C150: 2024 | D150: 2024-08-08 | E150: 22843.4 | F150: PT TRUBO ENGINEERING | G150: GRU V907NT AERO 5S ST SC RDC (LC) 12V SER... | H150: Dikeluarkan: bukan knuckle boom crane (konfirmasi user)
A151: AMCO VEBA | B151: AMCO VEBA V907NT | C151: 2024 | D151: 2024-08-08 | E151: 22843.4 | F151: PT TRUBO ENGINEERING | G151: GRU V907NT AERO 5S ST SC RDC (LC) 12V SER... | H151: Dikeluarkan: bukan knuckle boom crane (konfirmasi user)
A152: AMCO VEBA | B152: AMCO VEBA V907NT | C152: 2024 | D152: 2024-05-08 | E152: 23619 | F152: PT TRUBO ENGINEERING | G152: GRU V907NT AERO 5S ST SC RDC (LC) 12V CON... | H152: Dikeluarkan: bukan knuckle boom crane (konfirmasi user)
A153: AMCO VEBA | B153: AMCO VEBA V907NT | C153: 2025 | D153: 2025-04-15 | E153: 22946.95 | F153: PT TRUBO ENGINEERING | G153: CRANE V907NT AERO 5S ST SC RDC (LC) 12V | H153: Dikeluarkan: bukan knuckle boom crane (konfirmasi user)
A154: AMCO VEBA | B154: AMCO VEBA V907NT | C154: 2025 | D154: 2025-01-30 | E154: 21857.49 | F154: PT TRUBO ENGINEERING | G154: CR 907NT AERO 5S ST SC RDC12V MOUNTING KIT 806N ... | H154: Dikeluarkan: bukan knuckle boom crane (konfirmasi user)
A155: HYVA | B155: HYVA HB60X | C155: 2023 | D155: 2023-11-27 | E155: 6870.76 | F155: PT HYVA INDONESIA | G155: CRANE HB60X E2 BAIK DAN BARU | H155: Dikeluarkan: bukan knuckle boom crane (konfirmasi user, LECTURA Specs)
A156: HIAB | B156: JONSERED 2080SR | C156: 2023 | E156: 68173.83 | F156: PT WAHANA INTI SELARAS | G156: JONSERED 2080SR 126 (6.7) SERIAL NO: BJ2080SR0042, BJ2080SR0044 BASIC | H156: Dikeluarkan: forestry crane, bukan loader crane (konfirmasi user)
A157: HIAB | B157: JONSERED 2080SR | C157: 2023 | E157: 68681 | F157: PT WAHANA INTI SELARAS | G157: J2080SR JONSERED 2080SR 126(6.7) SERIAL NO: BJ2080SR0040, BJ2080SR0041 | H157: Dikeluarkan: forestry crane, bukan loader crane (konfirmasi user)
A158: HIAB | B158: JONSERED 2080SR | C158: 2025 | D158: 2025-12-02 | E158: 67140.03 | F158: PT WAHANA INTI SELARAS | G158: JONSERED 2080SR 126(6.7) SERIAL NO : BJ2080SR0049 | H158: Dikeluarkan: forestry crane, bukan loader crane (konfirmasi user)
A159: HIAB | B159: JONSERED 2080SR | C159: 2025 | D159: 2025-12-02 | E159: 67140.03 | F159: PT WAHANA INTI SELARAS | G159: JONSERED 2080SR 126(6.7) SERIAL NO : BJ2080SR0048 | H159: Dikeluarkan: forestry crane, bukan loader crane (konfirmasi user)
A160: FERRARI | B160: FERRARI 078ND A5 | C160: 2023 | D160: 2023-12-27 | E160: 22832.3 | F160: PT TRUBO ENGINEERING | G160: CRANE MOD,F078NDR SKY A5 NO CE C/W LOAD LI... | H160: Dikeluarkan: skylift, bukan knuckle boom crane (konfirmasi user, LECTURA Specs)
A161: TADANO | B161: TADANO TM-ZE304MH | C161: 2025 | D161: 2025-11-10 | E161: 14551.95 | F161: PT UNITED TRACTORS TBK | G161: TADANO CARGO CRANE MODEL TM-ZE304MH , KEADAAN BARU SN: KF3390 | H161: Dikeluarkan: stiff/telescopic boom cargo crane (konfirmasi user, United Tractors)
A162: HYVA | B162: HYVA HB200 | C162: 2023 | D162: 2023-09-11 | E162: 10.39 | F162: PT HYVA INDONESIA | G162: 200000143H82700000 HYVA CRANE HB200, SERIAL NUMBER : 214343 , 214344 KOND. BAIK/BARU | H162: Harga unit tidak valid ($10,39) — tidak dapat diverifikasi ke dokumen sumber
A163: HYVA | B163: HYVA (GENERIC) | C163: 2025 | D163: 2025-03-19 | E163: 7675.12 | F163: PT TRUBO ENGINEERING | G163: HYVA CRANE (NO CE) (2.97M) COMPLETE | H163: Max lifting moment tidak dapat ditentukan (deskripsi tanpa kode model) — dibuang atas instruksi
A164: XCMG | B164: XCMG SQ10ZA4 | C164: 2025 | D164: 2025-05-15 | E164: 20292.16 | F164: PT NUSATAMA BERKAH TBK | G164: KNUCKLE BOOM TRUCK MOUNTED CRANE MODEL-SQ10ZA4, WITH HYVA HYDRAULIC PU | H164: Max lifting moment tidak terverifikasi (varian ZA tanpa spek resmi) — dibuang atas instruksi
A165: XCMG | B165: XCMG SQ3.2ZA2 | C165: 2025 | D165: 2025-07-26 | E165: 7899.59 | F165: PT INDOTARA PERSADA | G165: KNUCKLE BOOM CRANE SQ3.2ZA2 - 3.2 TON | H165: Max lifting moment tidak terverifikasi (varian ZA tanpa spek resmi) — dibuang atas instruksi
A166: ZOOMLION | B166: ZOOMLION ZLT4000 | C166: 2025 | D166: 2025-10-31 | E166: 47860.11 | F166: PT WELTES ENERGI NUSANTARA | G166: TRUCK LOAD CRANE ZLT4000 | H166: Max lifting moment tidak terverifikasi + ZLT = straight/telescopic boom — dibuang atas instruksi
A167: ZOOMLION | B167: ZOOMLION ZLT4000 | C167: 2026 | D167: 2026-05-29 | E167: 37975.94 | F167: PT BADAN ZOOMLION INDONESIA HEAVY IN | G167: 2 UNITS OF ZOOMLION UPPER STRUCTURE OF LOADER CRANE ZLT4000 WITH ACCES | H167: Max lifting moment tidak terverifikasi + ZLT = straight/telescopic boom — dibuang atas instruksi
A168: ZOOMLION | B168: ZOOMLION ZLT4000 | C168: 2026 | D168: 2026-01-12 | E168: 36356.38 | F168: PT BADAN ZOOMLION INDONESIA HEAVY IN | G168: ONE (1) UNIT OF ZOOMLION UPPER STRUCTURE FOR LOADER CRANE ZLT4000 WITH | H168: Max lifting moment tidak terverifikasi + ZLT = straight/telescopic boom — dibuang atas instruksi
A169: SANY PALFINGER | B169: SANY PALFINGER SPK/SPS | C169: 2026 | D169: 2026-05-13 | E169: 5131.24 | F169: PT FNF TRANS NIAGA | G169: PC 1500 A, 1100297208 | H169: Model tidak teridentifikasi (deskripsi "PC 1500 A") — bukan kode knuckle boom
A170: SANY PALFINGER | B170: SANY PALFINGER SPK/SPS | C170: 2026 | D170: 2026-05-13 | E170: 5131.24 | F170: PT FNF TRANS NIAGA | G170: PC 1500 A, 1100296946 | H170: Model tidak teridentifikasi (deskripsi "PC 1500 A") — bukan kode knuckle boom

Sheet Data
A1: Brand | B1: Model | C1: Kategori Max Lifting Moment | D1: Year | E1: Date | F1: UnitPrice | G1: Importer | H1: Description | I1: Rentang Kategori | J1: Source | K1: Max Lifting Moment asli (tm) | L1: Max Lifting Moment dibulatkan (tm) | M1: Status Verifikasi | N1: GVW Rekomendasi (ton) | O1: Model Ferrari Acuan | P1: Basis Pairing (tm)
A2: BOB-LIFT | B2: BOB-LIFT GKB3.2ZA2 | C2: =IF(K2="","",IF(L2<=8,"Light",IF(L2<=25,"Small",IF(L2<=45,"Medium","Heavy")))) -> Light | D2: 2025 | E2: 45864 | F2: 7899.59 | G2: PT INDOTARA PERSADA | H2: KNUCKLE BOOM CRANE GKB3.2ZA2 - 3.2 TON | I2: =IF(C2="Light","≤ 8 tm",IF(C2="Small","> 8 – 25 tm",IF(C2="Medium","> 25 – 45 tm","> 45 tm"))) -> ≤ 8 tm | J2: boblift.com (official), directindustry.com | K2: 6.8 | L2: =IF(K2="","",ROUND(K2,0)) -> 7 | M2: Terverifikasi — spek resmi | N2: =INDEX('10. Kurva GVW Ferrari'!$C$3:$C$28,MIN(IFERROR(MATCH(P2-0.0001,'10. Kurva GVW Ferrari'!$A$3:$A$28,1),0)+1,26)) -> 10 | O2: =INDEX('10. Kurva GVW Ferrari'!$D$3:$D$28,MIN(IFERROR(MATCH(P2-0.0001,'10. Kurva GVW Ferrari'!$A$3:$A$28,1),0)+1,26)) -> 6108B | P2: =IF(L2<>"",L2,INDEX('10. Kurva GVW Ferrari'!$G$3:$G$9,MATCH(C2,'10. Kurva GVW Ferrari'!$F$3:$F$9,0))) -> 7
A3: BOB-LIFT | B3: BOB-LIFT GKB5ZA2 | C3: =IF(K3="","",IF(L3<=8,"Light",IF(L3<=25,"Small",IF(L3<=45,"Medium","Heavy")))) -> Small | D3: 2025 | E3: 45864 | F3: 9630.03 | G3: PT INDOTARA PERSADA | H3: KNUCKLE BOOM CRANE GKB5ZA2 - 5 TON | I3: =IF(C3="Light","≤ 8 tm",IF(C3="Small","> 8 – 25 tm",IF(C3="Medium","> 25 – 45 tm","> 45 tm"))) -> > 8 – 25 tm | J3: boblift.com (official), directindustry.com | K3: 10 | L3: =IF(K3="","",ROUND(K3,0)) -> 10 | M3: Terverifikasi — spek resmi | N3: =INDEX('10. Kurva GVW Ferrari'!$C$3:$C$28,MIN(IFERROR(MATCH(P3-0.0001,'10. Kurva GVW Ferrari'!$A$3:$A$28,1),0)+1,26)) -> 12 | O3: =INDEX('10. Kurva GVW Ferrari'!$D$3:$D$28,MIN(IFERROR(MATCH(P3-0.0001,'10. Kurva GVW Ferrari'!$A$3:$A$28,1),0)+1,26)) -> 6148B | P3: =IF(L3<>"",L3,INDEX('10. Kurva GVW Ferrari'!$G$3:$G$9,MATCH(C3,'10. Kurva GVW Ferrari'!$F$3:$F$9,0))) -> 10
A4: BOB-LIFT | B4: BOB-LIFT Q5ZA2 | C4: =IF(K4="","",IF(L4<=8,"Light",IF(L4<=25,"Small",IF(L4<=45,"Medium","Heavy")))) -> Small | D4: 2023 | F4: 12350 | G4: BUMI MINERAL SULAWESI | H4: 5 TON KNUCKLE BOOM CRANE Q5ZA2 | I4: =IF(C4="Light","≤ 8 tm",IF(C4="Small","> 8 – 25 tm",IF(C4="Medium","> 25 – 45 tm","> 45 tm"))) -> > 8 – 25 tm | J4: bobliftcrane.com — 5 ton knuckle boom, 10,5 tm (konfirmasi user) | K4: 10.5 | L4: =IF(K4="","",ROUND(K4,0)) -> 11 | M4: Terverifikasi — spek resmi | N4: =INDEX('10. Kurva GVW Ferrari'!$C$3:$C$28,MIN(IFERROR(MATCH(P4-0.0001,'10. Kurva GVW Ferrari'!$A$3:$A$28,1),0)+1,26)) -> 12 | O4: =INDEX('10. Kurva GVW Ferrari'!$D$3:$D$28,MIN(IFERROR(MATCH(P4-0.0001,'10. Kurva GVW Ferrari'!$A$3:$A$28,1),0)+1,26)) -> 6148B | P4: =IF(L4<>"",L4,INDEX('10. Kurva GVW Ferrari'!$G$3:$G$9,MATCH(C4,'10. Kurva GVW Ferrari'!$F$3:$F$9,0))) -> 11
A5: BOB-LIFT | B5: BOB-LIFT Q5ZA2 | C5: =IF(K5="","",IF(L5<=8,"Light",IF(L5<=25,"Small",IF(L5<=45,"Medium","Heavy")))) -> Small | D5: 2023 | F5: 13000 | G5: PT TRICONVILLE INDONESIA | H5: Q5ZA2 5 TONS KNUCKLE BOOM CRANE | I5: =IF(C5="Light","≤ 8 tm",IF(C5="Small","> 8 – 25 tm",IF(C5="Medium","> 25 – 45 tm","> 45 tm"))) -> > 8 – 25 tm | J5: bobliftcrane.com — 5 ton knuckle boom, 10,5 tm (konfirmasi user) | K5: 10.5 | L5: =IF(K5="","",ROUND(K5,0)) -> 11 | M5: Terverifikasi — spek resmi | N5: =INDEX('10. Kurva GVW Ferrari'!$C$3:$C$28,MIN(IFERROR(MATCH(P5-0.0001,'10. Kurva GVW Ferrari'!$A$3:$A$28,1),0)+1,26)) -> 12 | O5: =INDEX('10. Kurva GVW Ferrari'!$D$3:$D$28,MIN(IFERROR(MATCH(P5-0.0001,'10. Kurva GVW Ferrari'!$A$3:$A$28,1),0)+1,26)) -> 6148B | P5: =IF(L5<>"",L5,INDEX('10. Kurva GVW Ferrari'!$G$3:$G$9,MATCH(C5,'10. Kurva GVW Ferrari'!$F$3:$F$9,0))) -> 11
A6: BOB-LIFT | B6: BOB-LIFT GKB08ZA3T | C6: =IF(K6="","",IF(L6<=8,"Light",IF(L6<=25,"Small",IF(L6<=45,"Medium","Heavy")))) -> Light | D6: 2025 | E6: 45864 | F6: 2984.26 | G6: PT INDOTARA PERSADA | H6: KNUCKLE BOOM CRANE GKB08ZA3T 0.8 TON | I6: =IF(C6="Light","≤ 8 tm",IF(C6="Small","> 8 – 25 tm",IF(C6="Medium","> 25 – 45 tm","> 45 tm"))) -> ≤ 8 tm | J6: boblift.com (official), directindustry.com | K6: 1 | L6: =IF(K6="","",ROUND(K6,0)) -> 1 | M6: Terverifikasi — spek resmi | N6: =INDEX('10. Kurva GVW Ferrari'!$C$3:$C$28,MIN(IFERROR(MATCH(P6-0.0001,'10. Kurva GVW Ferrari'!$A$3:$A$28,1),0)+1,26)) -> 2 | O6: =INDEX('10. Kurva GVW Ferrari'!$D$3:$D$28,MIN(IFERROR(MATCH(P6-0.0001,'10. Kurva GVW Ferrari'!$A$3:$A$28,1),0)+1,26)) -> 314/315 | P6: =IF(L6<>"",L6,INDEX('10. Kurva GVW Ferrari'!$G$3:$G$9,MATCH(C6,'10. Kurva GVW Ferrari'!$F$3:$F$9,0))) -> 1
A7: FASSI | B7: FASSI F85B.0.22 | C7: =IF(K7="","",IF(L7<=8,"Light",IF(L7<=25,"Small",IF(L7<=45,"Medium","Heavy")))) -> Small | D7: 2025 | E7: 45864 | F7: 18850 | G7: PT FORESTA TRANSTEK | H7: NEW UNIT FASSI F85B.0.22 HYDRAULIC CRANE, SERIAL NO: 0850-2457 | I7: =IF(C7="Light","≤ 8 tm",IF(C7="Small","> 8 – 25 tm",IF(C7="Medium","> 25 – 45 tm","> 45 tm"))) -> > 8 – 25 tm | J7: fassi.com, fascan.com (XR-series official US distributor) | K7: 8.56 | L7: =IF(K7="","",ROUND(K7,0)) -> 9 | M7: Terverifikasi — spek resmi | N7: =INDEX('10. Kurva GVW Ferrari'!$C$3:$C$28,MIN(IFERROR(MATCH(P7-0.0001,'10. Kurva GVW Ferrari'!$A$3:$A$28,1),0)+1,26)) -> 10 | O7: =INDEX('10. Kurva GVW Ferrari'!$D$3:$D$28,MIN(IFERROR(MATCH(P7-0.0001,'10. Kurva GVW Ferrari'!$A$3:$A$28,1),0)+1,26)) -> 6108B | P7: =IF(L7<>"",L7,INDEX('10. Kurva GVW Ferrari'!$G$3:$G$9,MATCH(C7,'10. Kurva GVW Ferrari'!$F$3:$F$9,0))) -> 9
A8: FASSI | B8: FASSI F215A.2.24 | C8: =IF(K8="","",IF(L8<=8,"Light",IF(L8<=25,"Small",IF(L8<=45,"Medium","Heavy")))) -> Small | D8: 2025 | E8: 45772 | F8: 32296.18 | G8: PT BUMI MAKMUR TRANSPERKASA | H8: NEW FASSI HYDRAULIC CRANE C/W MOUNTING KIT AND PUMP F215A.2.24 | I8: =IF(C8="Light","≤ 8 tm",IF(C8="Small","> 8 – 25 tm",IF(C8="Medium","> 25 – 45 tm","> 45 tm"))) -> > 8 – 25 tm | J8: fassi.com, fascan.com (XR-series official US distributor) | K8: 20 | L8: =IF(K8="","",ROUND(K8,0)) -> 20 | M8: Terverifikasi — spek resmi | N8: =INDEX('10. Kurva GVW Ferrari'!$C$3:$C$28,MIN(IFERROR(MATCH(P8-0.0001,'10. Kurva GVW Ferrari'!$A$3:$A$28,1),0)+1,26)) -> 19 | O8: =INDEX('10. Kurva GVW Ferrari'!$D$3:$D$28,MIN(IFERROR(MATCH(P8-0.0001,'10. Kurva GVW Ferrari'!$A$3:$A$28,1),0)+1,26)) -> 6248B | P8: =IF(L8<>"",L8,INDEX('10. Kurva GVW Ferrari'!$G$3:$G$9,MATCH(C8,'10. Kurva GVW Ferrari'!$F$3:$F$9,0))) -> 20
A9: FASSI | B9: FASSI F485RA.2.23 | C9: =IF(K9="","",IF(L9<=8,"Light",IF(L9<=25,"Small",IF(L9<=45,"Medium","Heavy")))) -> Heavy | D9: 2025 | E9: 45772 | F9: 75771.79 | G9: PT BUMI MAKMUR TRANSPERKASA | H9: NEW FASSI HYDRAULIC CRANE AND ACCESSORIES F485RA.2.23 | I9: =IF(C9="Light","≤ 8 tm",IF(C9="Small","> 8 – 25 tm",IF(C9="Medium","> 25 – 45 tm","> 45 tm"))) -> > 45 tm | J9: fassi.com — F485RA xe-dynamic, 47 tm | K9: 47 | L9: =IF(K9="","",ROUND(K9,0)) -> 47 | M9: Terverifikasi — spek resmi | N9: =INDEX('10. Kurva GVW Ferrari'!$C$3:$C$28,MIN(IFERROR(MATCH(P9-0.0001,'10. Kurva GVW Ferrari'!$A$3:$A$28,1),0)+1,26)) -> 42 | O9: =INDEX('10. Kurva GVW Ferrari'!$D$3:$D$28,MIN(IFERROR(MATCH(P9-0.0001,'10. Kurva GVW Ferrari'!$A$3:$A$28,1),0)+1,26)) -> 9601C | P9: =IF(L9<>"",L9,INDEX('10. Kurva GVW Ferrari'!$G$3:$G$9,MATCH(C9,'10. Kurva GVW Ferrari'!$F$3:$F$9,0))) -> 47
A10: FERRARI | B10: FERRARI 561 | C10: =IF(K10="","",IF(L10<=8,"Light",IF(L10<=25,"Small",IF(L10<=45,"Medium","Heavy")))) -> Light | D10: 2023 | F10: 14247.7 | G10: PT NETWAY INDONESIA | H10: F.LLI FERRARI CRANE MODEL F561F A4 NO CE WITH L1 MARINE TREATMENT AND | I10: =IF(C10="Light","≤ 8 tm",IF(C10="Small","> 8 – 25 tm",IF(C10="Medium","> 25 – 45 tm","> 45 tm"))) -> ≤ 8 tm | J10: cranemarket.com (model catalog position, Ferrari range 2-90tm confirmed) | K10: 7 | L10: =IF(K10="","",ROUND(K10,0)) -> 7 | M10: Terverifikasi — kelas resmi Ferrari (F561) | N10: =INDEX('10. Kurva GVW Ferrari'!$C$3:$C$28,MIN(IFERROR(MATCH(P10-0.0001,'10. Kurva GVW Ferrari'!$A$3:$A$28,1),0)+1,26)) -> 10 | O10: =INDEX('10. Kurva GVW Ferrari'!$D$3:$D$28,MIN(IFERROR(MATCH(P10-0.0001,'10. Kurva GVW Ferrari'!$A$3:$A$28,1),0)+1,26)) -> 6108B | P10: =IF(L10<>"",L10,INDEX('10. Kurva GVW Ferrari'!$G$3:$G$9,MATCH(C10,'10. Kurva GVW Ferrari'!$F$3:$F$9,0))) -> 7
A11: HIAB | B11: HIAB 6000XG | C11: =IF(K11="","",IF(L11<=8,"Light",IF(L11<=25,"Small",IF(L11<=45,"Medium","Heavy")))) -> Light | D11: 2025 | E11: 45916 | F11: 25352.24 | G11: PT MULTICRANE PERKASA | H11: HIAB 6000XG KNUCKLE CRANE WITH ACCESSORIES | I11: =IF(C11="Light","≤ 8 tm",IF(C11="Small","> 8 – 25 tm",IF(C11="Medium","> 25 – 45 tm","> 45 tm"))) -> ≤ 8 tm | J11: hiab.com, atlaspolar.com, multicraneperkasa.com (official distributor) | K11: 5 | L11: =IF(K11="","",ROUND(K11,0)) -> 5 | M11: Terverifikasi — spek resmi | N11: =INDEX('10. Kurva GVW Ferrari'!$C$3:$C$28,MIN(IFERROR(MATCH(P11-0.0001,'10. Kurva GVW Ferrari'!$A$3:$A$28,1),0)+1,26)) -> 10 | O11: =INDEX('10. Kurva GVW Ferrari'!$D$3:$D$28,MIN(IFERROR(MATCH(P11-0.0001,'10. Kurva GVW Ferrari'!$A$3:$A$28,1),0)+1,26)) -> 6108B | P11: =IF(L11<>"",L11,INDEX('10. Kurva GVW Ferrari'!$G$3:$G$9,MATCH(C11,'10. Kurva GVW Ferrari'!$F$3:$F$9,0))) -> 5
A12: HIAB | B12: HIAB 19000XG | C12: =IF(K12="","",IF(L12<=8,"Light",IF(L12<=25,"Small",IF(L12<=45,"Medium","Heavy")))) -> Small | D12: 2023 | F12: 48707.9 | G12: PT WAHANA INTI SELARAS | H12: HIAB 19000KG KNUCKLE CRANE BASIC CRANE STATIONARY MOUNTING HYDRAULIC E | I12: =IF(C12="Light","≤ 8 tm",IF(C12="Small","> 8 – 25 tm",IF(C12="Medium","> 25 – 45 tm","> 45 tm"))) -> > 8 – 25 tm | J12: hiab.com, atlaspolar.com, multicraneperkasa.com (official distributor) | K12: 19 | L12: =IF(K12="","",ROUND(K12,0)) -> 19 | M12: Terverifikasi — spek resmi | N12: =INDEX('10. Kurva GVW Ferrari'!$C$3:$C$28,MIN(IFERROR(MATCH(P12-0.0001,'10. Kurva GVW Ferrari'!$A$3:$A$28,1),0)+1,26)) -> 19 | O12: =INDEX('10. Kurva GVW Ferrari'!$D$3:$D$28,MIN(IFERROR(MATCH(P12-0.0001,'10. Kurva GVW Ferrari'!$A$3:$A$28,1),0)+1,26)) -> 6238B | P12: =IF(L12<>"",L12,INDEX('10. Kurva GVW Ferrari'!$G$3:$G$9,MATCH(C12,'10. Kurva GVW Ferrari'!$F$3:$F$9,0))) -> 19
A13: HIAB | B13: HIAB 19000XG | C13: =IF(K13="","",IF(L13<=8,"Light",IF(L13<=25,"Small",IF(L13<=45,"Medium","Heavy")))) -> Small | D13: 2023 | F13: 55545 | G13: PT MULTICRANE PERKASA | H13: HIAB 19000KG KNUCKLE CRANE | I13: =IF(C13="Light","≤ 8 tm",IF(C13="Small","> 8 – 25 tm",IF(C13="Medium","> 25 – 45 tm","> 45 tm"))) -> > 8 – 25 tm | J13: hiab.com, atlaspolar.com, multicraneperkasa.com (official distributor) | K13: 19 | L13: =IF(K13="","",ROUND(K13,0)) -> 19 | M13: Terverifikasi — spek resmi | N13: =INDEX('10. Kurva GVW Ferrari'!$C$3:$C$28,MIN(IFERROR(MATCH(P13-0.0001,'10. Kurva GVW Ferrari'!$A$3:$A$28,1),0)+1,26)) -> 19 | O13: =INDEX('10. Kurva GVW Ferrari'!$D$3:$D$28,MIN(IFERROR(MATCH(P13-0.0001,'10. Kurva GVW Ferrari'!$A$3:$A$28,1),0)+1,26)) -> 6238B | P13: =IF(L13<>"",L13,INDEX('10. Kurva GVW Ferrari'!$G$3:$G$9,MATCH(C13,'10. Kurva GVW Ferrari'!$F$3:$F$9,0))) -> 19
A14: HIAB | B14: HIAB 19000XG | C14: =IF(K14="","",IF(L14<=8,"Light",IF(L14<=25,"Small",IF(L14<=45,"Medium","Heavy")))) -> Small | D14: 2025 | E14: 45776 | F14: 58623.37 | G14: PT WAHANA INTI SELARAS | H14: HIAB 19000XG KNUCKLE CRANE BASIC CRANE STATIONARY MOUNTING HYDRAULIC E | I14: =IF(C14="Light","≤ 8 tm",IF(C14="Small","> 8 – 25 tm",IF(C14="Medium","> 25 – 45 tm","> 45 tm"))) -> > 8 – 25 tm | J14: hiab.com, atlaspolar.com, multicraneperkasa.com (official distributor) | K14: 19 | L14: =IF(K14="","",ROUND(K14,0)) -> 19 | M14: Terverifikasi — spek resmi | N14: =INDEX('10. Kurva GVW Ferrari'!$C$3:$C$28,MIN(IFERROR(MATCH(P14-0.0001,'10. Kurva GVW Ferrari'!$A$3:$A$28,1),0)+1,26)) -> 19 | O14: =INDEX('10. Kurva GVW Ferrari'!$D$3:$D$28,MIN(IFERROR(MATCH(P14-0.0001,'10. Kurva GVW Ferrari'!$A$3:$A$28,1),0)+1,26)) -> 6238B | P14: =IF(L14<>"",L14,INDEX('10. Kurva GVW Ferrari'!$G$3:$G$9,MATCH(C14,'10. Kurva GVW Ferrari'!$F$3:$F$9,0))) -> 19
A15: HIAB | B15: HIAB 19000XG | C15: =IF(K15="","",IF(L15<=8,"Light",IF(L15<=25,"Small",IF(L15<=45,"Medium","Heavy")))) -> Small | D15: 2026 | E15: 46097 | F15: 54348.25 | G15: PT WAHANA INTI SELARAS | H15: HIAB 19000XG KNUCKLE CRANE | I15: =IF(C15="Light","≤ 8 tm",IF(C15="Small","> 8 – 25 tm",IF(C15="Medium","> 25 – 45 tm","> 45 tm"))) -> > 8 – 25 tm | J15: hiab.com, atlaspolar.com, multicraneperkasa.com (official distributor) | K15: 19 | L15: =IF(K15="","",ROUND(K15,0)) -> 19 | M15: Terverifikasi — spek resmi | N15: =INDEX('10. Kurva GVW Ferrari'!$C$3:$C$28,MIN(IFERROR(MATCH(P15-0.0001,'10. Kurva GVW Ferrari'!$A$3:$A$28,1),0)+1,26)) -> 19 | O15: =INDEX('10. Kurva GVW Ferrari'!$D$3:$D$28,MIN(IFERROR(MATCH(P15-0.0001,'10. Kurva GVW Ferrari'!$A$3:$A$28,1),0)+1,26)) -> 6238B | P15: =IF(L15<>"",L15,INDEX('10. Kurva GVW Ferrari'!$G$3:$G$9,MATCH(C15,'10. Kurva GVW Ferrari'!$F$3:$F$9,0))) -> 19
A16: HIAB | B16: HIAB 477 EP-5 | C16: =IF(K16="","",IF(L16<=8,"Light",IF(L16<=25,"Small",IF(L16<=45,"Medium","Heavy")))) -> Medium | D16: 2025 | E16: 45981 | F16: 26520.64 | G16: PT PRIMA KARYA PONDASI | H16: 1 UNIT USED LOADER CRANE C/W ACCESSORIES, BRAND: HIAB, TYPE: 477 EP-5 | I16: =IF(C16="Light","≤ 8 tm",IF(C16="Small","> 8 – 25 tm",IF(C16="Medium","> 25 – 45 tm","> 45 tm"))) -> > 25 – 45 tm | J16: hiab.com, atlaspolar.com, multicraneperkasa.com (official distributor) | K16: 42 | L16: =IF(K16="","",ROUND(K16,0)) -> 42 | M16: Terverifikasi — catatan klasifikasi | N16: =INDEX('10. Kurva GVW Ferrari'!$C$3:$C$28,MIN(IFERROR(MATCH(P16-0.0001,'10. Kurva GVW Ferrari'!$A$3:$A$28,1),0)+1,26)) -> 26 | O16: =INDEX('10. Kurva GVW Ferrari'!$D$3:$D$28,MIN(IFERROR(MATCH(P16-0.0001,'10. Kurva GVW Ferrari'!$A$3:$A$28,1),0)+1,26)) -> 746R | P16: =IF(L16<>"",L16,INDEX('10. Kurva GVW Ferrari'!$G$3:$G$9,MATCH(C16,'10. Kurva GVW Ferrari'!$F$3:$F$9,0))) -> 42
A17: HIAB | B17: HIAB 477 EP-5 | C17: =IF(K17="","",IF(L17<=8,"Light",IF(L17<=25,"Small",IF(L17<=45,"Medium","Heavy")))) -> Medium | D17: 2025 | E17: 45981 | F17: 26520.64 | G17: PT PRIMA KARYA PONDASI | H17: 1 UNIT USED LOADER CRANE C/W ACCESSORIES, BRAND: HIAB, TYPE: 477 EP-5 | I17: =IF(C17="Light","≤ 8 tm",IF(C17="Small","> 8 – 25 tm",IF(C17="Medium","> 25 – 45 tm","> 45 tm"))) -> > 25 – 45 tm | J17: hiab.com, atlaspolar.com, multicraneperkasa.com (official distributor) | K17: 42 | L17: =IF(K17="","",ROUND(K17,0)) -> 42 | M17: Terverifikasi — catatan klasifikasi | N17: =INDEX('10. Kurva GVW Ferrari'!$C$3:$C$28,MIN(IFERROR(MATCH(P17-0.0001,'10. Kurva GVW Ferrari'!$A$3:$A$28,1),0)+1,26)) -> 26 | O17: =INDEX('10. Kurva GVW Ferrari'!$D$3:$D$28,MIN(IFERROR(MATCH(P17-0.0001,'10. Kurva GVW Ferrari'!$A$3:$A$28,1),0)+1,26)) -> 746R | P17: =IF(L17<>"",L17,INDEX('10. Kurva GVW Ferrari'!$G$3:$G$9,MATCH(C17,'10. Kurva GVW Ferrari'!$F$3:$F$9,0))) -> 42
A18: HIAB | B18: HIAB 477 EP-5 | C18: =IF(K18="","",IF(L18<=8,"Light",IF(L18<=25,"Small",IF(L18<=45,"Medium","Heavy")))) -> Medium | D18: 2025 | E18: 45981 | F18: 26520.64 | G18: PT PRIMA KARYA PONDASI | H18: 1 UNIT USED LOADER CRANE C/W ACCESSORIES, BRAND: HIAB, TYPE: 477 EP-5 | I18: =IF(C18="Light","≤ 8 tm",IF(C18="Small","> 8 – 25 tm",IF(C18="Medium","> 25 – 45 tm","> 45 tm"))) -> > 25 – 45 tm | J18: hiab.com, atlaspolar.com, multicraneperkasa.com (official distributor) | K18: 42 | L18: =IF(K18="","",ROUND(K18,0)) -> 42 | M18: Terverifikasi — catatan klasifikasi | N18: =INDEX('10. Kurva GVW Ferrari'!$C$3:$C$28,MIN(IFERROR(MATCH(P18-0.0001,'10. Kurva GVW Ferrari'!$A$3:$A$28,1),0)+1,26)) -> 26 | O18: =INDEX('10. Kurva GVW Ferrari'!$D$3:$D$28,MIN(IFERROR(MATCH(P18-0.0001,'10. Kurva GVW Ferrari'!$A$3:$A$28,1),0)+1,26)) -> 746R | P18: =IF(L18<>"",L18,INDEX('10. Kurva GVW Ferrari'!$G$3:$G$9,MATCH(C18,'10. Kurva GVW Ferrari'!$F$3:$F$9,0))) -> 42
A19: HIAB | B19: HIAB 477 EP-5 | C19: =IF(K19="","",IF(L19<=8,"Light",IF(L19<=25,"Small",IF(L19<=45,"Medium","Heavy")))) -> Medium | D19: 2025 | E19: 45981 | F19: 26520.64 | G19: PT PRIMA KARYA PONDASI | H19: 1 UNIT USED LOADER CRANE C/W ACCESSORIES, BRAND: HIAB, TYPE: 477 EP-5 | I19: =IF(C19="Light","≤ 8 tm",IF(C19="Small","> 8 – 25 tm",IF(C19="Medium","> 25 – 45 tm","> 45 tm"))) -> > 25 – 45 tm | J19: hiab.com, atlaspolar.com, multicraneperkasa.com (official distributor) | K19: 42 | L19: =IF(K19="","",ROUND(K19,0)) -> 42 | M19: Terverifikasi — catatan klasifikasi | N19: =INDEX('10. Kurva GVW Ferrari'!$C$3:$C$28,MIN(IFERROR(MATCH(P19-0.0001,'10. Kurva GVW Ferrari'!$A$3:$A$28,1),0)+1,26)) -> 26 | O19: =INDEX('10. Kurva GVW Ferrari'!$D$3:$D$28,MIN(IFERROR(MATCH(P19-0.0001,'10. Kurva GVW Ferrari'!$A$3:$A$28,1),0)+1,26)) -> 746R | P19: =IF(L19<>"",L19,INDEX('10. Kurva GVW Ferrari'!$G$3:$G$9,MATCH(C19,'10. Kurva GVW Ferrari'!$F$3:$F$9,0))) -> 42
A20: HIAB | B20: HIAB X-CL 16 | C20: =IF(K20="","",IF(L20<=8,"Light",IF(L20<=25,"Small",IF(L20<=45,"Medium","Heavy")))) -> Small | D20: 2023 | F20: 19921.3 | G20: PT MULTICRANE PERKASA | H20: HIAB X-CL 16 B -3 | I20: =IF(C20="Light","≤ 8 tm",IF(C20="Small","> 8 – 25 tm",IF(C20="Medium","> 25 – 45 tm","> 45 tm"))) -> > 8 – 25 tm | J20: hiab.com (15 Tm range) vs LECTURA 181 kNm = 18,45 tm → diambil terbesar | K20: 18.45 | L20: =IF(K20="","",ROUND(K20,0)) -> 18 | M20: Terverifikasi — spek resmi | N20: =INDEX('10. Kurva GVW Ferrari'!$C$3:$C$28,MIN(IFERROR(MATCH(P20-0.0001,'10. Kurva GVW Ferrari'!$A$3:$A$28,1),0)+1,26)) -> 19 | O20: =INDEX('10. Kurva GVW Ferrari'!$D$3:$D$28,MIN(IFERROR(MATCH(P20-0.0001,'10. Kurva GVW Ferrari'!$A$3:$A$28,1),0)+1,26)) -> 6238B | P20: =IF(L20<>"",L20,INDEX('10. Kurva GVW Ferrari'!$G$3:$G$9,MATCH(C20,'10. Kurva GVW Ferrari'!$F$3:$F$9,0))) -> 18
A21: HIAB | B21: HIAB X-CL 16 | C21: =IF(K21="","",IF(L21<=8,"Light",IF(L21<=25,"Small",IF(L21<=45,"Medium","Heavy")))) -> Small | D21: 2023 | F21: 19921.3 | G21: PT MULTICRANE PERKASA | H21: HIAB X-CL 16 B -3 WITH PUMP SAP 025L | I21: =IF(C21="Light","≤ 8 tm",IF(C21="Small","> 8 – 25 tm",IF(C21="Medium","> 25 – 45 tm","> 45 tm"))) -> > 8 – 25 tm | J21: hiab.com (15 Tm range) vs LECTURA 181 kNm = 18,45 tm → diambil terbesar | K21: 18.45 | L21: =IF(K21="","",ROUND(K21,0)) -> 18 | M21: Terverifikasi — spek resmi | N21: =INDEX('10. Kurva GVW Ferrari'!$C$3:$C$28,MIN(IFERROR(MATCH(P21-0.0001,'10. Kurva GVW Ferrari'!$A$3:$A$28,1),0)+1,26)) -> 19 | O21: =INDEX('10. Kurva GVW Ferrari'!$D$3:$D$28,MIN(IFERROR(MATCH(P21-0.0001,'10. Kurva GVW Ferrari'!$A$3:$A$28,1),0)+1,26)) -> 6238B | P21: =IF(L21<>"",L21,INDEX('10. Kurva GVW Ferrari'!$G$3:$G$9,MATCH(C21,'10. Kurva GVW Ferrari'!$F$3:$F$9,0))) -> 18
A22: HIAB | B22: HIAB X-CL 23 | C22: =IF(K22="","",IF(L22<=8,"Light",IF(L22<=25,"Small",IF(L22<=45,"Medium","Heavy")))) -> Small | D22: 2023 | F22: 25964.2 | G22: PT MULTICRANE PERKASA | H22: HIAB X-CL 23 B -3 | I22: =IF(C22="Light","≤ 8 tm",IF(C22="Small","> 8 – 25 tm",IF(C22="Medium","> 25 – 45 tm","> 45 tm"))) -> > 8 – 25 tm | J22: hiab.com — HIAB 23 CL, 21 Tm range capacity | K22: 21 | L22: =IF(K22="","",ROUND(K22,0)) -> 21 | M22: Terverifikasi — spek resmi | N22: =INDEX('10. Kurva GVW Ferrari'!$C$3:$C$28,MIN(IFERROR(MATCH(P22-0.0001,'10. Kurva GVW Ferrari'!$A$3:$A$28,1),0)+1,26)) -> 19 | O22: =INDEX('10. Kurva GVW Ferrari'!$D$3:$D$28,MIN(IFERROR(MATCH(P22-0.0001,'10. Kurva GVW Ferrari'!$A$3:$A$28,1),0)+1,26)) -> 9265C | P22: =IF(L22<>"",L22,INDEX('10. Kurva GVW Ferrari'!$G$3:$G$9,MATCH(C22,'10. Kurva GVW Ferrari'!$F$3:$F$9,0))) -> 21
A23: HIAB | B23: HIAB X-CL 23 | C23: =IF(K23="","",IF(L23<=8,"Light",IF(L23<=25,"Small",IF(L23<=45,"Medium","Heavy")))) -> Small | D23: 2025 | E23: 45782 | F23: 30122.92 | G23: PT WAHANA INTI SELARAS | H23: HIAB X-CL 23 B -2 SERIAL NO: BLXCL2300491 COMMODITY CODE: 84269110 | I23: =IF(C23="Light","≤ 8 tm",IF(C23="Small","> 8 – 25 tm",IF(C23="Medium","> 25 – 45 tm","> 45 tm"))) -> > 8 – 25 tm | J23: hiab.com — HIAB 23 CL, 21 Tm range capacity | K23: 21 | L23: =IF(K23="","",ROUND(K23,0)) -> 21 | M23: Terverifikasi — spek resmi | N23: =INDEX('10. Kurva GVW Ferrari'!$C$3:$C$28,MIN(IFERROR(MATCH(P23-0.0001,'10. Kurva GVW Ferrari'!$A$3:$A$28,1),0)+1,26)) -> 19 | O23: =INDEX('10. Kurva GVW Ferrari'!$D$3:$D$28,MIN(IFERROR(MATCH(P23-0.0001,'10. Kurva GVW Ferrari'!$A$3:$A$28,1),0)+1,26)) -> 9265C | P23: =IF(L23<>"",L23,INDEX('10. Kurva GVW Ferrari'!$G$3:$G$9,MATCH(C23,'10. Kurva GVW Ferrari'!$F$3:$F$9,0))) -> 21
A24: HIAB | B24: HIAB X-CL 23 | C24: =IF(K24="","",IF(L24<=8,"Light",IF(L24<=25,"Small",IF(L24<=45,"Medium","Heavy")))) -> Small | D24: 2025 | E24: 45782 | F24: 30122.92 | G24: PT WAHANA INTI SELARAS | H24: HIAB X-CL 23 B -2 SERIAL NO: BLXCL2300494 COMMODITY CODE: 84269110 | I24: =IF(C24="Light","≤ 8 tm",IF(C24="Small","> 8 – 25 tm",IF(C24="Medium","> 25 – 45 tm","> 45 tm"))) -> > 8 – 25 tm | J24: hiab.com — HIAB 23 CL, 21 Tm range capacity | K24: 21 | L24: =IF(K24="","",ROUND(K24,0)) -> 21 | M24: Terverifikasi — spek resmi | N24: =INDEX('10. Kurva GVW Ferrari'!$C$3:$C$28,MIN(IFERROR(MATCH(P24-0.0001,'10. Kurva GVW Ferrari'!$A$3:$A$28,1),0)+1,26)) -> 19 | O24: =INDEX('10. Kurva GVW Ferrari'!$D$3:$D$28,MIN(IFERROR(MATCH(P24-0.0001,'10. Kurva GVW Ferrari'!$A$3:$A$28,1),0)+1,26)) -> 9265C | P24: =IF(L24<>"",L24,INDEX('10. Kurva GVW Ferrari'!$G$3:$G$9,MATCH(C24,'10. Kurva GVW Ferrari'!$F$3:$F$9,0))) -> 21
A25: HIAB | B25: HIAB X-CLX 288 | C25: =IF(K25="","",IF(L25<=8,"Light",IF(L25<=25,"Small",IF(L25<=45,"Medium","Heavy")))) -> Small | D25: 2023 | F25: 39197.7 | G25: PT MULTICRANE PERKASA | H25: HIAB X-CLX 288 E P-4 & PART TO CRANES | I25: =IF(C25="Light","≤ 8 tm",IF(C25="Small","> 8 – 25 tm",IF(C25="Medium","> 25 – 45 tm","> 45 tm"))) -> > 8 – 25 tm | J25: hiab.com Basic Data 288 CLX (2024): 248 kNm = 25,3 tm | K25: 25.3 | L25: =IF(K25="","",ROUND(K25,0)) -> 25 | M25: Terverifikasi — spek resmi | N25: =INDEX('10. Kurva GVW Ferrari'!$C$3:$C$28,MIN(IFERROR(MATCH(P25-0.0001,'10. Kurva GVW Ferrari'!$A$3:$A$28,1),0)+1,26)) -> 19 | O25: =INDEX('10. Kurva GVW Ferrari'!$D$3:$D$28,MIN(IFERROR(MATCH(P25-0.0001,'10. Kurva GVW Ferrari'!$A$3:$A$28,1),0)+1,26)) -> 730 | P25: =IF(L25<>"",L25,INDEX('10. Kurva GVW Ferrari'!$G$3:$G$9,MATCH(C25,'10. Kurva GVW Ferrari'!$F$3:$F$9,0))) -> 25
A26: HIAB | B26: HIAB X-CLX 288 | C26: =IF(K26="","",IF(L26<=8,"Light",IF(L26<=25,"Small",IF(L26<=45,"Medium","Heavy")))) -> Small | D26: 2023 | F26: 41040.3 | G26: PT MULTICRANE PERKASA | H26: HIAB X-CLX 288 E P-4 & PART TO CRANES (WITH PUMP SAP 064 L) | I26: =IF(C26="Light","≤ 8 tm",IF(C26="Small","> 8 – 25 tm",IF(C26="Medium","> 25 – 45 tm","> 45 tm"))) -> > 8 – 25 tm | J26: hiab.com Basic Data 288 CLX (2024): 248 kNm = 25,3 tm | K26: 25.3 | L26: =IF(K26="","",ROUND(K26,0)) -> 25 | M26: Terverifikasi — spek resmi | N26: =INDEX('10. Kurva GVW Ferrari'!$C$3:$C$28,MIN(IFERROR(MATCH(P26-0.0001,'10. Kurva GVW Ferrari'!$A$3:$A$28,1),0)+1,26)) -> 19 | O26: =INDEX('10. Kurva GVW Ferrari'!$D$3:$D$28,MIN(IFERROR(MATCH(P26-0.0001,'10. Kurva GVW Ferrari'!$A$3:$A$28,1),0)+1,26)) -> 730 | P26: =IF(L26<>"",L26,INDEX('10. Kurva GVW Ferrari'!$G$3:$G$9,MATCH(C26,'10. Kurva GVW Ferrari'!$F$3:$F$9,0))) -> 25
A27: HIAB | B27: HIAB X-CLX 288 | C27: =IF(K27="","",IF(L27<=8,"Light",IF(L27<=25,"Small",IF(L27<=45,"Medium","Heavy")))) -> Small | D27: 2023 | F27: 45698.8 | G27: PT WAHANA INTI SELARAS | H27: CX288BN HIAB X-CLX 288 E P -3 SERIAL NO:BL288CX00254 | I27: =IF(C27="Light","≤ 8 tm",IF(C27="Small","> 8 – 25 tm",IF(C27="Medium","> 25 – 45 tm","> 45 tm"))) -> > 8 – 25 tm | J27: hiab.com Basic Data 288 CLX (2024): 248 kNm = 25,3 tm | K27: 25.3 | L27: =IF(K27="","",ROUND(K27,0)) -> 25 | M27: Terverifikasi — spek resmi | N27: =INDEX('10. Kurva GVW Ferrari'!$C$3:$C$28,MIN(IFERROR(MATCH(P27-0.0001,'10. Kurva GVW Ferrari'!$A$3:$A$28,1),0)+1,26)) -> 19 | O27: =INDEX('10. Kurva GVW Ferrari'!$D$3:$D$28,MIN(IFERROR(MATCH(P27-0.0001,'10. Kurva GVW Ferrari'!$A$3:$A$28,1),0)+1,26)) -> 730 | P27: =IF(L27<>"",L27,INDEX('10. Kurva GVW Ferrari'!$G$3:$G$9,MATCH(C27,'10. Kurva GVW Ferrari'!$F$3:$F$9,0))) -> 25
A28: HIAB | B28: HIAB X-CLX 328 | C28: =IF(K28="","",IF(L28<=8,"Light",IF(L28<=25,"Small",IF(L28<=45,"Medium","Heavy")))) -> Medium | D28: 2023 | F28: 52596 | G28: PT MULTICRANE PERKASA | H28: HIAB X-CLX 328 EP-4 WITH ACCECORIES | I28: =IF(C28="Light","≤ 8 tm",IF(C28="Small","> 8 – 25 tm",IF(C28="Medium","> 25 – 45 tm","> 45 tm"))) -> > 25 – 45 tm | J28: hiab.com — X-CLX 328, 30,3 Tm | K28: 30.3 | L28: =IF(K28="","",ROUND(K28,0)) -> 30 | M28: Terverifikasi — spek resmi | N28: =INDEX('10. Kurva GVW Ferrari'!$C$3:$C$28,MIN(IFERROR(MATCH(P28-0.0001,'10. Kurva GVW Ferrari'!$A$3:$A$28,1),0)+1,26)) -> 24 | O28: =INDEX('10. Kurva GVW Ferrari'!$D$3:$D$28,MIN(IFERROR(MATCH(P28-0.0001,'10. Kurva GVW Ferrari'!$A$3:$A$28,1),0)+1,26)) -> 734 | P28: =IF(L28<>"",L28,INDEX('10. Kurva GVW Ferrari'!$G$3:$G$9,MATCH(C28,'10. Kurva GVW Ferrari'!$F$3:$F$9,0))) -> 30
A29: HIAB | B29: HIAB X-CLX 388 | C29: =IF(K29="","",IF(L29<=8,"Light",IF(L29<=25,"Small",IF(L29<=45,"Medium","Heavy")))) -> Medium | D29: 2023 | F29: 56672.6 | G29: PT MULTICRANE PERKASA | H29: HIAB X-CLX 388 EP-4 WITH ACCECORIES | I29: =IF(C29="Light","≤ 8 tm",IF(C29="Small","> 8 – 25 tm",IF(C29="Medium","> 25 – 45 tm","> 45 tm"))) -> > 25 – 45 tm | J29: hiab.com, atlaspolar.com, multicraneperkasa.com (official distributor) | K29: 34.3 | L29: =IF(K29="","",ROUND(K29,0)) -> 34 | M29: Terverifikasi — catatan klasifikasi | N29: =INDEX('10. Kurva GVW Ferrari'!$C$3:$C$28,MIN(IFERROR(MATCH(P29-0.0001,'10. Kurva GVW Ferrari'!$A$3:$A$28,1),0)+1,26)) -> 26 | O29: =INDEX('10. Kurva GVW Ferrari'!$D$3:$D$28,MIN(IFERROR(MATCH(P29-0.0001,'10. Kurva GVW Ferrari'!$A$3:$A$28,1),0)+1,26)) -> 9405C/9445C | P29: =IF(L29<>"",L29,INDEX('10. Kurva GVW Ferrari'!$G$3:$G$9,MATCH(C29,'10. Kurva GVW Ferrari'!$F$3:$F$9,0))) -> 34
A30: HIAB | B30: HIAB X-CLX 388 | C30: =IF(K30="","",IF(L30<=8,"Light",IF(L30<=25,"Small",IF(L30<=45,"Medium","Heavy")))) -> Medium | D30: 2023 | F30: 68796.5 | G30: PT MULTICRANE PERKASA | H30: HIAB X-CLX 388 EP-4 WITH ACCECORIES | I30: =IF(C30="Light","≤ 8 tm",IF(C30="Small","> 8 – 25 tm",IF(C30="Medium","> 25 – 45 tm","> 45 tm"))) -> > 25 – 45 tm | J30: hiab.com, atlaspolar.com, multicraneperkasa.com (official distributor) | K30: 34.3 | L30: =IF(K30="","",ROUND(K30,0)) -> 34 | M30: Terverifikasi — catatan klasifikasi | N30: =INDEX('10. Kurva GVW Ferrari'!$C$3:$C$28,MIN(IFERROR(MATCH(P30-0.0001,'10. Kurva GVW Ferrari'!$A$3:$A$28,1),0)+1,26)) -> 26 | O30: =INDEX('10. Kurva GVW Ferrari'!$D$3:$D$28,MIN(IFERROR(MATCH(P30-0.0001,'10. Kurva GVW Ferrari'!$A$3:$A$28,1),0)+1,26)) -> 9405C/9445C | P30: =IF(L30<>"",L30,INDEX('10. Kurva GVW Ferrari'!$G$3:$G$9,MATCH(C30,'10. Kurva GVW Ferrari'!$F$3:$F$9,0))) -> 34
A31: HIAB | B31: HIAB X-CLX 388 | C31: =IF(K31="","",IF(L31<=8,"Light",IF(L31<=25,"Small",IF(L31<=45,"Medium","Heavy")))) -> Medium | D31: 2024 | F31: 56672.6 | G31: PT MULTICRANE PERKASA | H31: HIAB X-CLX 388 EP-4 WITH ACCECORIES | I31: =IF(C31="Light","≤ 8 tm",IF(C31="Small","> 8 – 25 tm",IF(C31="Medium","> 25 – 45 tm","> 45 tm"))) -> > 25 – 45 tm | J31: hiab.com, atlaspolar.com, multicraneperkasa.com (official distributor) | K31: 34.3 | L31: =IF(K31="","",ROUND(K31,0)) -> 34 | M31: Terverifikasi — catatan klasifikasi | N31: =INDEX('10. Kurva GVW Ferrari'!$C$3:$C$28,MIN(IFERROR(MATCH(P31-0.0001,'10. Kurva GVW Ferrari'!$A$3:$A$28,1),0)+1,26)) -> 26 | O31: =INDEX('10. Kurva GVW Ferrari'!$D$3:$D$28,MIN(IFERROR(MATCH(P31-0.0001,'10. Kurva GVW Ferrari'!$A$3:$A$28,1),0)+1,26)) -> 9405C/9445C | P31: =IF(L31<>"",L31,INDEX('10. Kurva GVW Ferrari'!$G$3:$G$9,MATCH(C31,'10. Kurva GVW Ferrari'!$F$3:$F$9,0))) -> 34
A32: HIAB | B32: HIAB X-CLX 388 | C32: =IF(K32="","",IF(L32<=8,"Light",IF(L32<=25,"Small",IF(L32<=45,"Medium","Heavy")))) -> Medium | D32: 2024 | F32: 58942.8 | G32: PT MULTICRANE PERKASA | H32: HIAB X-CLX 388 EP-4 WITH ACCECORIES | I32: =IF(C32="Light","≤ 8 tm",IF(C32="Small","> 8 – 25 tm",IF(C32="Medium","> 25 – 45 tm","> 45 tm"))) -> > 25 – 45 tm | J32: hiab.com, atlaspolar.com, multicraneperkasa.com (official distributor) | K32: 34.3 | L32: =IF(K32="","",ROUND(K32,0)) -> 34 | M32: Terverifikasi — catatan klasifikasi | N32: =INDEX('10. Kurva GVW Ferrari'!$C$3:$C$28,MIN(IFERROR(MATCH(P32-0.0001,'10. Kurva GVW Ferrari'!$A$3:$A$28,1),0)+1,26)) -> 26 | O32: =INDEX('10. Kurva GVW Ferrari'!$D$3:$D$28,MIN(IFERROR(MATCH(P32-0.0001,'10. Kurva GVW Ferrari'!$A$3:$A$28,1),0)+1,26)) -> 9405C/9445C | P32: =IF(L32<>"",L32,INDEX('10. Kurva GVW Ferrari'!$G$3:$G$9,MATCH(C32,'10. Kurva GVW Ferrari'!$F$3:$F$9,0))) -> 34
A33: HIAB | B33: HIAB X-CLX 388 | C33: =IF(K33="","",IF(L33<=8,"Light",IF(L33<=25,"Small",IF(L33<=45,"Medium","Heavy")))) -> Medium | D33: 2024 | F33: 68798.4 | G33: PT MULTICRANE PERKASA | H33: HIAB X-CLX 388 EP-4 WITH ACCECORIES | I33: =IF(C33="Light","≤ 8 tm",IF(C33="Small","> 8 – 25 tm",IF(C33="Medium","> 25 – 45 tm","> 45 tm"))) -> > 25 – 45 tm | J33: hiab.com, atlaspolar.com, multicraneperkasa.com (official distributor) | K33: 34.3 | L33: =IF(K33="","",ROUND(K33,0)) -> 34 | M33: Terverifikasi — catatan klasifikasi | N33: =INDEX('10. Kurva GVW Ferrari'!$C$3:$C$28,MIN(IFERROR(MATCH(P33-0.0001,'10. Kurva GVW Ferrari'!$A$3:$A$28,1),0)+1,26)) -> 26 | O33: =INDEX('10. Kurva GVW Ferrari'!$D$3:$D$28,MIN(IFERROR(MATCH(P33-0.0001,'10. Kurva GVW Ferrari'!$A$3:$A$28,1),0)+1,26)) -> 9405C/9445C | P33: =IF(L33<>"",L33,INDEX('10. Kurva GVW Ferrari'!$G$3:$G$9,MATCH(C33,'10. Kurva GVW Ferrari'!$F$3:$F$9,0))) -> 34
A34: HIAB | B34: HIAB X-HIPRO B58 | C34: =IF(K34="","",IF(L34<=8,"Light",IF(L34<=25,"Small",IF(L34<=45,"Medium","Heavy")))) -> Heavy | D34: 2023 | F34: 158653 | G34: PT MULTICRANE PERKASA | H34: HIAB X-HIPRO B58 EP-6 AND ACCECORIES SERIAL NO: B580481 | I34: =IF(C34="Light","≤ 8 tm",IF(C34="Small","> 8 – 25 tm",IF(C34="Medium","> 25 – 45 tm","> 45 tm"))) -> > 45 tm | J34: hiab.com — X-HiPro 558, 499,6 kNm = 50,9 tm | K34: 50.93 | L34: =IF(K34="","",ROUND(K34,0)) -> 51 | M34: Terverifikasi — spek resmi | N34: =INDEX('10. Kurva GVW Ferrari'!$C$3:$C$28,MIN(IFERROR(MATCH(P34-0.0001,'10. Kurva GVW Ferrari'!$A$3:$A$28,1),0)+1,26)) -> 42 | O34: =INDEX('10. Kurva GVW Ferrari'!$D$3:$D$28,MIN(IFERROR(MATCH(P34-0.0001,'10. Kurva GVW Ferrari'!$A$3:$A$28,1),0)+1,26)) -> 9601C | P34: =IF(L34<>"",L34,INDEX('10. Kurva GVW Ferrari'!$G$3:$G$9,MATCH(C34,'10. Kurva GVW Ferrari'!$F$3:$F$9,0))) -> 51
A35: AMCO VEBA | B35: AMCO VEBA V950 | C35: =IF(K35="","",IF(L35<=8,"Light",IF(L35<=25,"Small",IF(L35<=45,"Medium","Heavy")))) -> Heavy | D35: 2026 | E35: 46041 | F35: 93501.54 | G35: PT TRUBO ENGINEERING | H35: CRANE AMCO VEBA 950A4S + WINCH EXTRA RSS + OIL COOLER + REAR STABILIZE | I35: =IF(C35="Light","≤ 8 tm",IF(C35="Small","> 8 – 25 tm",IF(C35="Medium","> 25 – 45 tm","> 45 tm"))) -> > 45 tm | J35: https://www.lectura-specs.com/en/model/truck-mounted-loading-cranes/hydraulic-loading-cranes-amco-veba/950-4-s-1026267 | K35: 45.9 | L35: =IF(K35="","",ROUND(K35,0)) -> 46 | M35: Terverifikasi — spek resmi | N35: =INDEX('10. Kurva GVW Ferrari'!$C$3:$C$28,MIN(IFERROR(MATCH(P35-0.0001,'10. Kurva GVW Ferrari'!$A$3:$A$28,1),0)+1,26)) -> 42 | O35: =INDEX('10. Kurva GVW Ferrari'!$D$3:$D$28,MIN(IFERROR(MATCH(P35-0.0001,'10. Kurva GVW Ferrari'!$A$3:$A$28,1),0)+1,26)) -> 9601C | P35: =IF(L35<>"",L35,INDEX('10. Kurva GVW Ferrari'!$G$3:$G$9,MATCH(C35,'10. Kurva GVW Ferrari'!$F$3:$F$9,0))) -> 46
A36: AMCO VEBA | B36: AMCO VEBA V815Q | C36: =IF(K36="","",IF(L36<=8,"Light",IF(L36<=25,"Small",IF(L36<=45,"Medium","Heavy")))) -> Small | D36: 2025 | E36: 45687 | F36: 18651.63 | G36: PT TRUBO ENGINEERING | H36: GRU V815Q 3S LI SC 1 MOUNTING KIT V812 V815 I.F V81 1 KIT PISTON PUMP | I36: =IF(C36="Light","≤ 8 tm",IF(C36="Small","> 8 – 25 tm",IF(C36="Medium","> 25 – 45 tm","> 45 tm"))) -> > 8 – 25 tm | J36: https://www.lectura-specs.com/en/model/truck-mounted-loading-cranes/hydraulic-loading-cranes-amco-veba/815-3-s-1026192 | K36: 14 | L36: =IF(K36="","",ROUND(K36,0)) -> 14 | M36: Terverifikasi — spek resmi | N36: =INDEX('10. Kurva GVW Ferrari'!$C$3:$C$28,MIN(IFERROR(MATCH(P36-0.0001,'10. Kurva GVW Ferrari'!$A$3:$A$28,1),0)+1,26)) -> 19 | O36: =INDEX('10. Kurva GVW Ferrari'!$D$3:$D$28,MIN(IFERROR(MATCH(P36-0.0001,'10. Kurva GVW Ferrari'!$A$3:$A$28,1),0)+1,26)) -> 6238B | P36: =IF(L36<>"",L36,INDEX('10. Kurva GVW Ferrari'!$G$3:$G$9,MATCH(C36,'10. Kurva GVW Ferrari'!$F$3:$F$9,0))) -> 14
A37: HYVA | B37: HYVA HB80E3 | C37: =IF(K37="","",IF(L37<=8,"Light",IF(L37<=25,"Small",IF(L37<=45,"Medium","Heavy")))) -> Light | D37: 2025 | E37: 45756 | F37: 10497.71 | G37: PT TRUBO ENGINEERING | H37: HYVA CRANE HB80E3 (808N/3S) | I37: =IF(C37="Light","≤ 8 tm",IF(C37="Small","> 8 – 25 tm",IF(C37="Medium","> 25 – 45 tm","> 45 tm"))) -> ≤ 8 tm | J37: https://www.lectura-specs.com/en/model/truck-mounted-loading-cranes/hydraulic-loading-cranes-hyva-crane/hb-80-e3-11798313 | K37: 8 | L37: =IF(K37="","",ROUND(K37,0)) -> 8 | M37: Terverifikasi — spek resmi | N37: =INDEX('10. Kurva GVW Ferrari'!$C$3:$C$28,MIN(IFERROR(MATCH(P37-0.0001,'10. Kurva GVW Ferrari'!$A$3:$A$28,1),0)+1,26)) -> 10 | O37: =INDEX('10. Kurva GVW Ferrari'!$D$3:$D$28,MIN(IFERROR(MATCH(P37-0.0001,'10. Kurva GVW Ferrari'!$A$3:$A$28,1),0)+1,26)) -> 6108B | P37: =IF(L37<>"",L37,INDEX('10. Kurva GVW Ferrari'!$G$3:$G$9,MATCH(C37,'10. Kurva GVW Ferrari'!$F$3:$F$9,0))) -> 8
A38: HYVA | B38: HYVA HST3.2E2 | C38: =IF(K38="","",IF(L38<=8,"Light",IF(L38<=25,"Small",IF(L38<=45,"Medium","Heavy")))) -> Light | D38: 2025 | E38: 45798 | F38: 10767.81 | G38: PT TRUBO ENGINEERING | H38: CRANE HST3.2E2 | I38: =IF(C38="Light","≤ 8 tm",IF(C38="Small","> 8 – 25 tm",IF(C38="Medium","> 25 – 45 tm","> 45 tm"))) -> ≤ 8 tm | J38: hyva.com (official), lectura-specs.com | K38: 3.2 | L38: =IF(K38="","",ROUND(K38,0)) -> 3 | M38: Terverifikasi — spek resmi | N38: =INDEX('10. Kurva GVW Ferrari'!$C$3:$C$28,MIN(IFERROR(MATCH(P38-0.0001,'10. Kurva GVW Ferrari'!$A$3:$A$28,1),0)+1,26)) -> 3.5 | O38: =INDEX('10. Kurva GVW Ferrari'!$D$3:$D$28,MIN(IFERROR(MATCH(P38-0.0001,'10. Kurva GVW Ferrari'!$A$3:$A$28,1),0)+1,26)) -> 350 | P38: =IF(L38<>"",L38,INDEX('10. Kurva GVW Ferrari'!$G$3:$G$9,MATCH(C38,'10. Kurva GVW Ferrari'!$F$3:$F$9,0))) -> 3
A39: HYVA | B39: HYVA HST6.3E3 | C39: =IF(K39="","",IF(L39<=8,"Light",IF(L39<=25,"Small",IF(L39<=45,"Medium","Heavy")))) -> Light | D39: 2025 | E39: 45798 | F39: 16326.25 | G39: PT TRUBO ENGINEERING | H39: CRANE HST6.3E3 | I39: =IF(C39="Light","≤ 8 tm",IF(C39="Small","> 8 – 25 tm",IF(C39="Medium","> 25 – 45 tm","> 45 tm"))) -> ≤ 8 tm | J39: hyva.com (official), lectura-specs.com | K39: 6.3 | L39: =IF(K39="","",ROUND(K39,0)) -> 6 | M39: Terverifikasi — spek resmi | N39: =INDEX('10. Kurva GVW Ferrari'!$C$3:$C$28,MIN(IFERROR(MATCH(P39-0.0001,'10. Kurva GVW Ferrari'!$A$3:$A$28,1),0)+1,26)) -> 10 | O39: =INDEX('10. Kurva GVW Ferrari'!$D$3:$D$28,MIN(IFERROR(MATCH(P39-0.0001,'10. Kurva GVW Ferrari'!$A$3:$A$28,1),0)+1,26)) -> 6108B | P39: =IF(L39<>"",L39,INDEX('10. Kurva GVW Ferrari'!$G$3:$G$9,MATCH(C39,'10. Kurva GVW Ferrari'!$F$3:$F$9,0))) -> 6
A40: HYVA | B40: HYVA HST8E4 | C40: =IF(K40="","",IF(L40<=8,"Light",IF(L40<=25,"Small",IF(L40<=45,"Medium","Heavy")))) -> Light | D40: 2025 | E40: 45798 | F40: 23982.45 | G40: PT TRUBO ENGINEERING | H40: CRANE HST8E4 | I40: =IF(C40="Light","≤ 8 tm",IF(C40="Small","> 8 – 25 tm",IF(C40="Medium","> 25 – 45 tm","> 45 tm"))) -> ≤ 8 tm | J40: hyva.com (official), lectura-specs.com | K40: 8 | L40: =IF(K40="","",ROUND(K40,0)) -> 8 | M40: Terverifikasi — spek resmi | N40: =INDEX('10. Kurva GVW Ferrari'!$C$3:$C$28,MIN(IFERROR(MATCH(P40-0.0001,'10. Kurva GVW Ferrari'!$A$3:$A$28,1),0)+1,26)) -> 10 | O40: =INDEX('10. Kurva GVW Ferrari'!$D$3:$D$28,MIN(IFERROR(MATCH(P40-0.0001,'10. Kurva GVW Ferrari'!$A$3:$A$28,1),0)+1,26)) -> 6108B | P40: =IF(L40<>"",L40,INDEX('10. Kurva GVW Ferrari'!$G$3:$G$9,MATCH(C40,'10. Kurva GVW Ferrari'!$F$3:$F$9,0))) -> 8
A41: AMCO VEBA | B41: AMCO VEBA V806N | C41: =IF(K41="","",IF(L41<=8,"Light",IF(L41<=25,"Small",IF(L41<=45,"Medium","Heavy")))) -> Light | D41: 2023 | F41: 11977.1 | G41: PT TRUBO ENGINEERING | H41: GRU V806N 3S LI ST SC 24V MOUNTING KIT V706 V807 V807T COMPLETE THREAD | I41: =IF(C41="Light","≤ 8 tm",IF(C41="Small","> 8 – 25 tm",IF(C41="Medium","> 25 – 45 tm","> 45 tm"))) -> ≤ 8 tm | J41: https://www.lectura-specs.com/en/model/truck-mounted-loading-cranes/hydraulic-loading-cranes-amco-veba/806n-3-s-1049496 | K41: 6.7 | L41: =IF(K41="","",ROUND(K41,0)) -> 7 | M41: Terverifikasi — spek resmi | N41: =INDEX('10. Kurva GVW Ferrari'!$C$3:$C$28,MIN(IFERROR(MATCH(P41-0.0001,'10. Kurva GVW Ferrari'!$A$3:$A$28,1),0)+1,26)) -> 10 | O41: =INDEX('10. Kurva GVW Ferrari'!$D$3:$D$28,MIN(IFERROR(MATCH(P41-0.0001,'10. Kurva GVW Ferrari'!$A$3:$A$28,1),0)+1,26)) -> 6108B | P41: =IF(L41<>"",L41,INDEX('10. Kurva GVW Ferrari'!$G$3:$G$9,MATCH(C41,'10. Kurva GVW Ferrari'!$F$3:$F$9,0))) -> 7
A42: AMCO VEBA | B42: AMCO VEBA V808 | C42: =IF(K42="","",IF(L42<=8,"Light",IF(L42<=25,"Small",IF(L42<=45,"Medium","Heavy")))) -> Light | D42: 2023 | F42: 11977.1 | G42: PT TRUBO ENGINEERING | H42: GRU V808 3S ST SC MOUNTING KIT V708 V807 V807T COMPLETE THREAD VERSION | I42: =IF(C42="Light","≤ 8 tm",IF(C42="Small","> 8 – 25 tm",IF(C42="Medium","> 25 – 45 tm","> 45 tm"))) -> ≤ 8 tm | J42: https://www.lectura-specs.com/en/model/truck-mounted-loading-cranes/hydraulic-loading-cranes-amco-veba/808n-3-s-1049505 | K42: 7.9 | L42: =IF(K42="","",ROUND(K42,0)) -> 8 | M42: Terverifikasi — spek resmi | N42: =INDEX('10. Kurva GVW Ferrari'!$C$3:$C$28,MIN(IFERROR(MATCH(P42-0.0001,'10. Kurva GVW Ferrari'!$A$3:$A$28,1),0)+1,26)) -> 10 | O42: =INDEX('10. Kurva GVW Ferrari'!$D$3:$D$28,MIN(IFERROR(MATCH(P42-0.0001,'10. Kurva GVW Ferrari'!$A$3:$A$28,1),0)+1,26)) -> 6108B | P42: =IF(L42<>"",L42,INDEX('10. Kurva GVW Ferrari'!$G$3:$G$9,MATCH(C42,'10. Kurva GVW Ferrari'!$F$3:$F$9,0))) -> 8
A43: AMCO VEBA | B43: AMCO VEBA V816N | C43: =IF(K43="","",IF(L43<=8,"Light",IF(L43<=25,"Small",IF(L43<=45,"Medium","Heavy")))) -> Small | D43: 2023 | F43: 20259.5 | G43: PT TRUBO ENGINEERING | H43: GRU V816N 3S LI ST SC 24V MOUNTING KIT V814 V815T V817T BAIK | I43: =IF(C43="Light","≤ 8 tm",IF(C43="Small","> 8 – 25 tm",IF(C43="Medium","> 25 – 45 tm","> 45 tm"))) -> > 8 – 25 tm | J43: https://www.lectura-specs.com/en/model/truck-mounted-loading-cranes/hydraulic-loading-cranes-amco-veba/816t-2-s-1138157 | K43: 14.8 | L43: =IF(K43="","",ROUND(K43,0)) -> 15 | M43: Terverifikasi — spek resmi | N43: =INDEX('10. Kurva GVW Ferrari'!$C$3:$C$28,MIN(IFERROR(MATCH(P43-0.0001,'10. Kurva GVW Ferrari'!$A$3:$A$28,1),0)+1,26)) -> 19 | O43: =INDEX('10. Kurva GVW Ferrari'!$D$3:$D$28,MIN(IFERROR(MATCH(P43-0.0001,'10. Kurva GVW Ferrari'!$A$3:$A$28,1),0)+1,26)) -> 6238B | P43: =IF(L43<>"",L43,INDEX('10. Kurva GVW Ferrari'!$G$3:$G$9,MATCH(C43,'10. Kurva GVW Ferrari'!$F$3:$F$9,0))) -> 15
A44: AMCO VEBA | B44: AMCO VEBA V816Q | C44: =IF(K44="","",IF(L44<=8,"Light",IF(L44<=25,"Small",IF(L44<=45,"Medium","Heavy")))) -> Small | D44: 2023 | F44: 19421.54 | G44: PT TRUBO ENGINEERING | H44: GRU V816Q 3S LI ST SC 24V MOUNTING KIT V812 V815 LF V81 V81 PISTON PUM | I44: =IF(C44="Light","≤ 8 tm",IF(C44="Small","> 8 – 25 tm",IF(C44="Medium","> 25 – 45 tm","> 45 tm"))) -> > 8 – 25 tm | J44: https://www.lectura-specs.com/en/model/truck-mounted-loading-cranes/hydraulic-loading-cranes-amco-veba/816t-2-s-1138157 | K44: 14.8 | L44: =IF(K44="","",ROUND(K44,0)) -> 15 | M44: Terverifikasi — spek resmi | N44: =INDEX('10. Kurva GVW Ferrari'!$C$3:$C$28,MIN(IFERROR(MATCH(P44-0.0001,'10. Kurva GVW Ferrari'!$A$3:$A$28,1),0)+1,26)) -> 19 | O44: =INDEX('10. Kurva GVW Ferrari'!$D$3:$D$28,MIN(IFERROR(MATCH(P44-0.0001,'10. Kurva GVW Ferrari'!$A$3:$A$28,1),0)+1,26)) -> 6238B | P44: =IF(L44<>"",L44,INDEX('10. Kurva GVW Ferrari'!$G$3:$G$9,MATCH(C44,'10. Kurva GVW Ferrari'!$F$3:$F$9,0))) -> 15
A45: AMCO VEBA | B45: AMCO VEBA V816Q | C45: =IF(K45="","",IF(L45<=8,"Light",IF(L45<=25,"Small",IF(L45<=45,"Medium","Heavy")))) -> Small | D45: 2025 | E45: 45687 | F45: 19109.76 | G45: PT TRUBO ENGINEERING | H45: GRU V816Q 3S LI ST SC 24V MOUNTING KIT V812 V815 I.F V81 KIT PISTON PU | I45: =IF(C45="Light","≤ 8 tm",IF(C45="Small","> 8 – 25 tm",IF(C45="Medium","> 25 – 45 tm","> 45 tm"))) -> > 8 – 25 tm | J45: https://www.lectura-specs.com/en/model/truck-mounted-loading-cranes/hydraulic-loading-cranes-amco-veba/816t-2-s-1138157 | K45: 14.8 | L45: =IF(K45="","",ROUND(K45,0)) -> 15 | M45: Terverifikasi — spek resmi | N45: =INDEX('10. Kurva GVW Ferrari'!$C$3:$C$28,MIN(IFERROR(MATCH(P45-0.0001,'10. Kurva GVW Ferrari'!$A$3:$A$28,1),0)+1,26)) -> 19 | O45: =INDEX('10. Kurva GVW Ferrari'!$D$3:$D$28,MIN(IFERROR(MATCH(P45-0.0001,'10. Kurva GVW Ferrari'!$A$3:$A$28,1),0)+1,26)) -> 6238B | P45: =IF(L45<>"",L45,INDEX('10. Kurva GVW Ferrari'!$G$3:$G$9,MATCH(C45,'10. Kurva GVW Ferrari'!$F$3:$F$9,0))) -> 15
A46: AMCO VEBA | B46: AMCO VEBA V825 | C46: =IF(K46="","",IF(L46<=8,"Light",IF(L46<=25,"Small",IF(L46<=45,"Medium","Heavy")))) -> Medium | D46: 2023 | F46: 28988.52 | G46: PT TRUBO ENGINEERING | H46: GRU V825 3S ST SC ++VRS.TANK H COMPLETE WITH KIT V825 V950 V842 6 KIT | I46: =IF(C46="Light","≤ 8 tm",IF(C46="Small","> 8 – 25 tm",IF(C46="Medium","> 25 – 45 tm","> 45 tm"))) -> > 25 – 45 tm | J46: https://www.lectura-specs.com/en/model/truck-mounted-loading-cranes/hydraulic-loading-cranes-amco-veba/825-3-s-1026219 | K46: 25.6 | L46: =IF(K46="","",ROUND(K46,0)) -> 26 | M46: Terverifikasi — spek resmi | N46: =INDEX('10. Kurva GVW Ferrari'!$C$3:$C$28,MIN(IFERROR(MATCH(P46-0.0001,'10. Kurva GVW Ferrari'!$A$3:$A$28,1),0)+1,26)) -> 19 | O46: =INDEX('10. Kurva GVW Ferrari'!$D$3:$D$28,MIN(IFERROR(MATCH(P46-0.0001,'10. Kurva GVW Ferrari'!$A$3:$A$28,1),0)+1,26)) -> 730 | P46: =IF(L46<>"",L46,INDEX('10. Kurva GVW Ferrari'!$G$3:$G$9,MATCH(C46,'10. Kurva GVW Ferrari'!$F$3:$F$9,0))) -> 26
A47: AMCO VEBA | B47: AMCO VEBA V933 | C47: =IF(K47="","",IF(L47<=8,"Light",IF(L47<=25,"Small",IF(L47<=45,"Medium","Heavy")))) -> Medium | D47: 2023 | F47: 39582.51 | G47: PT TRUBO ENGINEERING | H47: CR 933 4S ST SC 1 MOUNTING KIT V825 V950 V842 I. 1 KIT PISTON PUMP 570 | I47: =IF(C47="Light","≤ 8 tm",IF(C47="Small","> 8 – 25 tm",IF(C47="Medium","> 25 – 45 tm","> 45 tm"))) -> > 25 – 45 tm | J47: https://www.lectura-specs.com/en/model/truck-mounted-loading-cranes/hydraulic-loading-cranes-amco-veba/933-4-s-1037064 | K47: 31.9 | L47: =IF(K47="","",ROUND(K47,0)) -> 32 | M47: Terverifikasi — spek resmi | N47: =INDEX('10. Kurva GVW Ferrari'!$C$3:$C$28,MIN(IFERROR(MATCH(P47-0.0001,'10. Kurva GVW Ferrari'!$A$3:$A$28,1),0)+1,26)) -> 26 | O47: =INDEX('10. Kurva GVW Ferrari'!$D$3:$D$28,MIN(IFERROR(MATCH(P47-0.0001,'10. Kurva GVW Ferrari'!$A$3:$A$28,1),0)+1,26)) -> 9405C/9445C | P47: =IF(L47<>"",L47,INDEX('10. Kurva GVW Ferrari'!$G$3:$G$9,MATCH(C47,'10. Kurva GVW Ferrari'!$F$3:$F$9,0))) -> 32
A48: AMCO VEBA | B48: AMCO VEBA V825 | C48: =IF(K48="","",IF(L48<=8,"Light",IF(L48<=25,"Small",IF(L48<=45,"Medium","Heavy")))) -> Medium | D48: 2023 | F48: 29919.38 | G48: PT TRUBO ENGINEERING | H48: CRANE GRU V825 3S ST SC **VRS TANK HD ** COMPLETE WITH MOUNTING KIT, K | I48: =IF(C48="Light","≤ 8 tm",IF(C48="Small","> 8 – 25 tm",IF(C48="Medium","> 25 – 45 tm","> 45 tm"))) -> > 25 – 45 tm | J48: https://www.lectura-specs.com/en/model/truck-mounted-loading-cranes/hydraulic-loading-cranes-amco-veba/825-3-s-1026219 | K48: 25.6 | L48: =IF(K48="","",ROUND(K48,0)) -> 26 | M48: Terverifikasi — spek resmi | N48: =INDEX('10. Kurva GVW Ferrari'!$C$3:$C$28,MIN(IFERROR(MATCH(P48-0.0001,'10. Kurva GVW Ferrari'!$A$3:$A$28,1),0)+1,26)) -> 19 | O48: =INDEX('10. Kurva GVW Ferrari'!$D$3:$D$28,MIN(IFERROR(MATCH(P48-0.0001,'10. Kurva GVW Ferrari'!$A$3:$A$28,1),0)+1,26)) -> 730 | P48: =IF(L48<>"",L48,INDEX('10. Kurva GVW Ferrari'!$G$3:$G$9,MATCH(C48,'10. Kurva GVW Ferrari'!$F$3:$F$9,0))) -> 26
A49: AMCO VEBA | B49: AMCO VEBA V825 | C49: =IF(K49="","",IF(L49<=8,"Light",IF(L49<=25,"Small",IF(L49<=45,"Medium","Heavy")))) -> Medium | D49: 2023 | F49: 28094.3 | G49: PT TRUBO ENGINEERING | H49: GRU V825 3S ST SC COMPLETE WITH MECH LIMITING ROTATION KIT V816 BAIK | I49: =IF(C49="Light","≤ 8 tm",IF(C49="Small","> 8 – 25 tm",IF(C49="Medium","> 25 – 45 tm","> 45 tm"))) -> > 25 – 45 tm | J49: https://www.lectura-specs.com/en/model/truck-mounted-loading-cranes/hydraulic-loading-cranes-amco-veba/825-3-s-1026219 | K49: 25.6 | L49: =IF(K49="","",ROUND(K49,0)) -> 26 | M49: Terverifikasi — spek resmi | N49: =INDEX('10. Kurva GVW Ferrari'!$C$3:$C$28,MIN(IFERROR(MATCH(P49-0.0001,'10. Kurva GVW Ferrari'!$A$3:$A$28,1),0)+1,26)) -> 19 | O49: =INDEX('10. Kurva GVW Ferrari'!$D$3:$D$28,MIN(IFERROR(MATCH(P49-0.0001,'10. Kurva GVW Ferrari'!$A$3:$A$28,1),0)+1,26)) -> 730 | P49: =IF(L49<>"",L49,INDEX('10. Kurva GVW Ferrari'!$G$3:$G$9,MATCH(C49,'10. Kurva GVW Ferrari'!$F$3:$F$9,0))) -> 26
A50: AMCO VEBA | B50: AMCO VEBA V825 | C50: =IF(K50="","",IF(L50<=8,"Light",IF(L50<=25,"Small",IF(L50<=45,"Medium","Heavy")))) -> Medium | D50: 2023 | F50: 29641.4 | G50: PT TRUBO ENGINEERING | H50: GRU V825 3S ST SC STAILIZERS WITH HYDRAULIC EXTENSION SPREAD 5.5M BAIK | I50: =IF(C50="Light","≤ 8 tm",IF(C50="Small","> 8 – 25 tm",IF(C50="Medium","> 25 – 45 tm","> 45 tm"))) -> > 25 – 45 tm | J50: https://www.lectura-specs.com/en/model/truck-mounted-loading-cranes/hydraulic-loading-cranes-amco-veba/825-3-s-1026219 | K50: 25.6 | L50: =IF(K50="","",ROUND(K50,0)) -> 26 | M50: Terverifikasi — spek resmi | N50: =INDEX('10. Kurva GVW Ferrari'!$C$3:$C$28,MIN(IFERROR(MATCH(P50-0.0001,'10. Kurva GVW Ferrari'!$A$3:$A$28,1),0)+1,26)) -> 19 | O50: =INDEX('10. Kurva GVW Ferrari'!$D$3:$D$28,MIN(IFERROR(MATCH(P50-0.0001,'10. Kurva GVW Ferrari'!$A$3:$A$28,1),0)+1,26)) -> 730 | P50: =IF(L50<>"",L50,INDEX('10. Kurva GVW Ferrari'!$G$3:$G$9,MATCH(C50,'10. Kurva GVW Ferrari'!$F$3:$F$9,0))) -> 26
A51: AMCO VEBA | B51: AMCO VEBA V825 | C51: =IF(K51="","",IF(L51<=8,"Light",IF(L51<=25,"Small",IF(L51<=45,"Medium","Heavy")))) -> Medium | D51: 2023 | F51: 29641.4 | G51: PT TRUBO ENGINEERING | H51: GRU V825 3S ST SC COMPLETE WITH MECH LIMITING ROTATION KIT V825 BAIK | I51: =IF(C51="Light","≤ 8 tm",IF(C51="Small","> 8 – 25 tm",IF(C51="Medium","> 25 – 45 tm","> 45 tm"))) -> > 25 – 45 tm | J51: https://www.lectura-specs.com/en/model/truck-mounted-loading-cranes/hydraulic-loading-cranes-amco-veba/825-3-s-1026219 | K51: 25.6 | L51: =IF(K51="","",ROUND(K51,0)) -> 26 | M51: Terverifikasi — spek resmi | N51: =INDEX('10. Kurva GVW Ferrari'!$C$3:$C$28,MIN(IFERROR(MATCH(P51-0.0001,'10. Kurva GVW Ferrari'!$A$3:$A$28,1),0)+1,26)) -> 19 | O51: =INDEX('10. Kurva GVW Ferrari'!$D$3:$D$28,MIN(IFERROR(MATCH(P51-0.0001,'10. Kurva GVW Ferrari'!$A$3:$A$28,1),0)+1,26)) -> 730 | P51: =IF(L51<>"",L51,INDEX('10. Kurva GVW Ferrari'!$G$3:$G$9,MATCH(C51,'10. Kurva GVW Ferrari'!$F$3:$F$9,0))) -> 26
A52: AMCO VEBA | B52: AMCO VEBA V825 | C52: =IF(K52="","",IF(L52<=8,"Light",IF(L52<=25,"Small",IF(L52<=45,"Medium","Heavy")))) -> Medium | D52: 2023 | F52: 28182.1 | G52: PT TRUBO ENGINEERING | H52: GRU V825 3S ST SC MOUNTING KIT V825 V832 MECH LIMITING ROTATION KIT V8 | I52: =IF(C52="Light","≤ 8 tm",IF(C52="Small","> 8 – 25 tm",IF(C52="Medium","> 25 – 45 tm","> 45 tm"))) -> > 25 – 45 tm | J52: https://www.lectura-specs.com/en/model/truck-mounted-loading-cranes/hydraulic-loading-cranes-amco-veba/825-3-s-1026219 | K52: 25.6 | L52: =IF(K52="","",ROUND(K52,0)) -> 26 | M52: Terverifikasi — spek resmi | N52: =INDEX('10. Kurva GVW Ferrari'!$C$3:$C$28,MIN(IFERROR(MATCH(P52-0.0001,'10. Kurva GVW Ferrari'!$A$3:$A$28,1),0)+1,26)) -> 19 | O52: =INDEX('10. Kurva GVW Ferrari'!$D$3:$D$28,MIN(IFERROR(MATCH(P52-0.0001,'10. Kurva GVW Ferrari'!$A$3:$A$28,1),0)+1,26)) -> 730 | P52: =IF(L52<>"",L52,INDEX('10. Kurva GVW Ferrari'!$G$3:$G$9,MATCH(C52,'10. Kurva GVW Ferrari'!$F$3:$F$9,0))) -> 26
A53: AMCO VEBA | B53: AMCO VEBA V825 | C53: =IF(K53="","",IF(L53<=8,"Light",IF(L53<=25,"Small",IF(L53<=45,"Medium","Heavy")))) -> Medium | D53: 2023 | F53: 29641.4 | G53: PT TRUBO ENGINEERING | H53: GRU V825 3S ST SC MOUNTING KIT V825 V832 MECH LIMITING ROTATION KIT V8 | I53: =IF(C53="Light","≤ 8 tm",IF(C53="Small","> 8 – 25 tm",IF(C53="Medium","> 25 – 45 tm","> 45 tm"))) -> > 25 – 45 tm | J53: https://www.lectura-specs.com/en/model/truck-mounted-loading-cranes/hydraulic-loading-cranes-amco-veba/825-3-s-1026219 | K53: 25.6 | L53: =IF(K53="","",ROUND(K53,0)) -> 26 | M53: Terverifikasi — spek resmi | N53: =INDEX('10. Kurva GVW Ferrari'!$C$3:$C$28,MIN(IFERROR(MATCH(P53-0.0001,'10. Kurva GVW Ferrari'!$A$3:$A$28,1),0)+1,26)) -> 19 | O53: =INDEX('10. Kurva GVW Ferrari'!$D$3:$D$28,MIN(IFERROR(MATCH(P53-0.0001,'10. Kurva GVW Ferrari'!$A$3:$A$28,1),0)+1,26)) -> 730 | P53: =IF(L53<>"",L53,INDEX('10. Kurva GVW Ferrari'!$G$3:$G$9,MATCH(C53,'10. Kurva GVW Ferrari'!$F$3:$F$9,0))) -> 26
